id;degree;closnesscentrality;betweenesscentrality
AAXJ;15;1.0;103.31738224131534
AHPI;2;0.0;0.0
EEI;3;0.0;0.0
MCEP;4;0.0;0.0
ABCB;4;1.0;224.94658119658115
BABY;1;0.0;0.0
FEYE;7;0.0;0.0
FMBH;19;0.0;0.0
ACAD;9;1.0;107.66865281547345
BBBY;5;0.0;0.0
SGC;2;0.0;0.0
ZIONW;3;0.0;0.0
ACWI;110;0.37544696066746125;13873.795876365313
ADRA;4;0.0;0.0
ADRD;34;0.2804986642920748;310.123479914925
ADRE;14;0.7;148.48229633434067
BYFC;1;0.0;0.0
CCXI;2;0.0;0.0
CEVA;1;0.0;0.0
CFNL;51;0.2536231884057971;4504.302473278632
CHUY;3;0.0;0.0
CIGI;3;0.0;0.0
CIVBP;12;0.29072450392247345;1381.9992016875653
CSPI;4;0.0;0.0
DGRE;9;0.47058823529411764;48.634462771528014
DGRS;32;0.3027390677558866;383.45166050100397
DXCM;3;0.0;0.0
ETRM;8;0.0;0.0
FDML;3;0.0;0.0
FEMS;7;0.0;0.0
FEUZ;15;0.2280955829109341;807.1737823672169
FLDM;3;0.0;0.0
FNSR;12;0.0;0.0
FNX;79;0.38228155339805825;4336.443454674165
FSZ;11;0.2129817444219067;643.393886684534
FTAG;10;0.0;0.0
FTC;97;0.39722572509457754;5008.280191613475
FUNC;8;0.0;0.0
FUND;30;0.0;0.0
FXCM;13;0.0;0.0
FYC;49;0.3425774877650897;8214.415497475633
FYT;28;0.3201219512195122;326.64634703556146
IFEU;5;0.0;0.0
IFON;5;0.0;0.0
IFV;32;0.29207232267037553;1414.241266633962
IPHS;6;0.0;0.0
IVAC;16;0.0;0.0
JKHY;19;1.0;3.48
LMBS;3;0.0;0.0
ONCS;11;0.0;0.0
PPC;6;0.0;0.0
PRFT;17;0.0;0.0
PRFZ;47;0.3507795100222717;1498.381504005548
PSCH;38;0.3388918773534158;7879.36609063819
QNST;20;0.0;0.0
QQEW;61;0.36186099942561745;4425.800020376339
QQQC;9;0.0;0.0
QQQX;28;0.5714285714285714;75.42627591706538
QSII;23;0.0;0.0
RDUS;17;0.0;0.0
RNWK;12;0.0;0.0
SCOR;6;0.0;0.0
SCYX;13;0.0;0.0
SKYW;26;0.0;0.0
TCX;25;0.0;0.0
TOWN;31;0.0;0.0
VALU;31;0.0;0.0
VICR;14;0.0;0.0
VNOM;20;0.0;0.0
VOD;24;0.0;0.0
VONE;82;0.3984819734345351;2474.678914408249
VONG;134;0.4503216583273767;13865.14262760587
VRSK;11;0.0;0.0
VTGN;25;0.0;0.0
VTWG;98;0.42625169147496617;20271.7604081966
VTWO;130;0.45226130653266333;22675.241096316
VTWV;46;0.28885832187070154;345.0674368983335
VWR;26;0.0;0.0
WMIH;9;0.0;0.0
WPCS;7;0.0;0.0
XGTIW;11;0.0;0.0
ACWX;93;0.36820572764465226;18495.95531812116
AIRM;1;0.0;0.0
BRKL;12;0.0;0.0
CARV;3;0.0;0.0
DAVE;2;0.0;0.0
DGLY;2;0.0;0.0
DXPE;3;0.0;0.0
EMCI;2;0.0;0.0
FELE;4;0.0;0.0
FES;2;0.0;0.0
FGEN;4;0.0;0.0
FIZZ;2;0.0;0.0
FKO;2;0.0;0.0
FNJN;4;0.0;0.0
FOXF;1;0.0;0.0
FSTR;2;0.0;0.0
HPJ;2;0.0;0.0
ICFI;3;0.0;0.0
IEUS;2;0.0;0.0
MPET;3;0.0;0.0
NDRM;2;0.0;0.0
QBAK;9;0.0;0.0
SNSS;5;0.0;0.0
ADI;9;0.8333333333333334;230.66889901623986
MVIS;1;0.0;0.0
SORL;14;0.0;0.0
XIV;7;1.0;11.558823529411764
ADP;25;0.329153605015674;949.8684404015796
CENX;2;0.0;0.0
JAZZ;3;0.0;0.0
PATK;6;0.0;0.0
PDCE;1;0.0;0.0
SNMX;10;0.0;0.0
ADRU;27;0.28137561411344353;644.1056745042267
AGIO;4;1.0;6.578934444294609
CMPR;2;0.0;0.0
AIA;15;0.2701543739279588;3983.5914563396072
AIRR;16;0.3212646608873024;1311.2620474442872
ALGT;1;1.0;0.0
SKYS;1;0.0;0.0
ALNY;8;1.0;27.090127404478437
RAND;3;0.0;0.0
ALOG;6;0.28063943161634103;0.0
FAB;23;0.25925925925925924;53.9305413857837
GROW;2;0.0;0.0
PSCF;43;0.3581580443433769;4917.037023709636
AMGN;39;0.3186646433990895;8245.61078422886
AZPN;6;0.0;0.0
BBGI;2;0.0;0.0
BBOX;3;0.0;0.0
BHBK;4;0.0;0.0
CECO;3;0.0;0.0
CLDCW;2;0.0;0.0
CYNA;1;0.0;0.0
DXGE;2;0.0;0.0
EKSO;1;0.0;0.0
IART;8;0.0;0.0
INWK;5;0.0;0.0
JJSF;7;1.0;232.11167800453515
NCTY;3;0.0;0.0
NKSH;1;0.0;0.0
PTIE;4;0.0;0.0
REGI;3;0.0;0.0
SWIR;1;0.0;0.0
TSRI;4;0.0;0.0
VRTU;4;0.0;0.0
VTNR;28;0.0;0.0
AMSG;4;0.0;0.0
AMSGP;1;1.0;0.0
AMTD;10;0.219435736677116;101.08812438829871
CBRL;2;0.0;0.0
FISV;17;0.2795031055900621;2361.5829160923176
PACB;5;0.0;0.0
ANSS;11;0.2698072805139186;58.7825390754598
CDC;68;0.36863662960795784;2254.703207632226
APDNW;1;1.0;0.0
APDN;1;0.0;0.0
AROW;3;1.0;2.340909090909091
DCIX;3;0.0;0.0
NBN;15;0.0;0.0
AVGO;8;1.0;6.072507783602011
BANF;23;0.20408163265306123;371.6023564092437
CFNB;3;0.0;0.0
COKE;7;0.0;0.0
HABT;6;0.0;0.0
HOMB;15;0.24352531890220333;874.9157998083874
IBCP;7;0.0;0.0
IRWD;4;0.0;0.0
TRS;14;0.0;0.0
UBSH;17;0.18197573656845753;693.9271221830716
WABC;21;0.2485207100591716;1448.1326283567673
ZGNX;19;0.0;0.0
BANR;9;1.0;3.441666666666667
BBC;47;0.2559934985778139;6286.6661534902305
ACHN;1;0.0;0.0
ACOR;1;0.0;0.0
AGEN;1;0.0;0.0
ALKS;3;0.0;0.0
AMAG;1;0.0;0.0
ARIA;3;0.0;0.0
CORI;1;0.0;0.0
CYRX;1;0.0;0.0
ENT;1;0.0;0.0
GGAL;1;0.0;0.0
INCR;4;0.0;0.0
INDY;1;0.0;0.0
INOD;4;0.0;0.0
IROQ;1;0.0;0.0
KOSS;1;0.0;0.0
KTOS;1;0.0;0.0
MDCA;1;0.0;0.0
MDSY;3;0.0;0.0
NAVI;1;0.0;0.0
NKTR;2;0.0;0.0
OMED;1;0.0;0.0
PRSS;3;0.0;0.0
RGLD;2;0.5;50.13888888888889
STLY;1;0.0;0.0
TGLS;3;0.0;0.0
THFF;4;1.0;21.13499805822021
VRTX;2;1.0;217.0
BBH;27;0.25331724969843183;2210.725197563681
BIDU;1;0.0;0.0
IKNX;2;0.0;0.0
BBP;13;0.20581509310682783;647.6447612454348
BMRC;1;0.0;0.0
BIB;23;0.2511961722488038;4602.9718892403425
HALL;2;0.0;0.0
OTEX;1;0.0;0.0
BLKB;1;0.6;0.0
BMRN;10;0.2070325336838646;216.0
CCUR;1;0.0;0.0
PGLC;2;0.0;0.0
BOKF;18;0.22388059701492538;1029.541289404161
CATM;2;0.0;0.0
FULLL;10;0.0;0.0
HAWK;9;0.0;0.0
PULM;9;0.0;0.0
TBRA;16;1.0;1680.2912689504292
TRMB;23;0.0;0.0
BPFH;23;0.2626094205919133;4999.134653702541
FHK;6;0.0;0.0
IBKR;6;0.0;0.0
MBCN;8;0.0;0.0
ON;17;0.0;0.0
PZZA;22;0.0;0.0
SWKS;21;0.0;0.0
UMBF;49;0.31312127236580517;17301.200342079268
VXUS;35;0.28938906752411575;13893.642391950278
BPOP;1;1.0;0.0
BSTC;1;1.0;0.0
ZG;1;0.0;0.0
BUSE;11;1.0;21.0981420078806
FFHL;4;0.0;0.0
LJPC;4;0.0;0.0
BWINB;1;1.0;0.0
TGTX;2;0.0;0.0
CA;22;0.28846153846153844;995.5244437022698
CSBR;1;0.0;0.0
FISI;13;0.1753409407180629;423.49315128596163
CARZ;13;0.2723735408560311;210.0475756834789
CASY;1;1.0;0.0
UNB;1;0.0;0.0
CATY;43;0.24193548387096775;3156.2650458483354
CUTR;7;0.0;0.0
GASS;11;0.0;0.0
PNBK;7;0.0;0.0
CBSH;52;0.2840396753832281;2366.188773066328
CSCO;10;0.2709677419354839;428.6426618570304
EVOL;3;0.0;0.0
FFIC;12;0.0;0.0
NVMI;3;0.0;0.0
PBBI;12;0.0;0.0
RNET;2;0.0;0.0
SBLKL;6;0.0;0.0
SITO;8;0.0;0.0
UBOH;6;0.0;0.0
UCBA;7;0.0;0.0
ULTR;6;0.0;0.0
ACIW;2;0.0;0.0
EGBN;6;0.0;0.0
FARO;3;0.0;0.0
FMI;3;0.0;0.0
HDRA;2;0.0;0.0
MITL;1;0.0;0.0
NWS;10;0.0;0.0
PBSK;2;0.0;0.0
SPLK;2;0.0;0.0
STRT;1;0.0;0.0
CELG;8;0.25;101.76132901267727
CEMP;2;0.6;0.0
CENT;4;0.0;0.0
CENTA;2;1.0;0.0
CFA;12;0.31947261663286003;57.168118490608386
CFFN;3;0.19498607242339833;0.0
HTLD;3;0.0;0.0
INCY;5;0.20121366975407218;1588.7644186532787
PETX;1;0.0;0.0
WTBA;11;0.0;0.0
CFO;210;0.4646017699115044;21334.5419212377
ADBE;3;0.0;0.0
AEIS;1;0.0;0.0
AKAM;4;0.0;0.0
AMAT;4;0.0;0.0
AMNB;1;0.0;0.0
AMZN;4;0.0;0.0
BGCP;2;0.0;0.0
BRKS;1;0.0;0.0
CGNT;1;0.0;0.0
CGNX;1;0.0;0.0
CMCO;1;0.0;0.0
COLM;1;0.0;0.0
CSWC;1;0.0;0.0
CSX;2;0.0;0.0
DVCR;2;0.0;0.0
ENTA;2;0.0;0.0
ESMC;1;0.0;0.0
ESXB;1;0.0;0.0
EZPW;2;0.0;0.0
FLIC;1;0.0;0.0
FOMX;1;0.0;0.0
FOSL;1;0.0;0.0
FOX;5;1.0;13.72149760778792
GNMK;1;0.0;0.0
GOOG;5;1.0;1.0
HSGX;3;0.0;0.0
INTLL;1;0.0;0.0
ISIG;1;0.0;0.0
JBSS;1;0.0;0.0
LBRDK;3;1.0;303.32523809523803
LMCA;9;1.0;19.431976076169267
LUNA;2;0.0;0.0
MAMS;2;0.0;0.0
MCHI;4;0.21312584573748308;2481.560214729251
MEMP;2;0.0;0.0
MKSI;2;0.0;0.0
MSFG;2;1.0;217.0
OXLCO;2;0.0;0.0
PNNT;4;0.0;0.0
PSAU;5;0.8;865.0
PSCE;7;0.1962005605730302;1074.5
PSCM;8;0.26054590570719605;2.261825396825397
PSMT;2;0.0;0.0
QGEN;2;0.0;0.0
ROIAK;1;0.0;0.0
RPXC;1;0.0;0.0
SEED;3;0.0;0.0
SIR;2;0.0;0.0
TCBIW;3;0.0;0.0
TEAR;2;0.0;0.0
TRIL;1;0.0;0.0
TROVW;3;0.0;0.0
TTEC;2;0.0;0.0
TWOU;7;0.0;0.0
VGSH;2;0.0;0.0
VIA;6;0.0;0.0
WCFB;1;0.0;0.0
WOOD;12;0.3018687110685194;14.591077499275286
WVVI;2;0.0;0.0
CHFC;47;0.28;2290.3049796263217
BDGE;1;0.0;0.0
COB;1;0.0;0.0
CTAS;11;0.29985721085197525;667.7141188518683
SANW;2;0.0;0.0
SQQQ;5;0.22340425531914893;489.3767608993176
SRSC;2;0.0;0.0
STBA;9;0.22190912293060938;15.364510745818789
TOUR;1;0.0;0.0
WAFDW;3;0.0;0.0
CHRW;3;1.0;2.0
EXLS;1;0.0;0.0
CHW;10;1.0;217.0
CGO;1;0.0;0.0
CINF;17;0.17721518987341772;562.9836707025682
FCAP;1;0.0;0.0
HELE;2;0.0;0.0
BBRY;1;0.0;0.0
EFII;7;1.0;262.9728918086036
FWRD;1;0.0;0.0
LTEA;1;0.0;0.0
OLED;1;0.0;0.0
QINC;1;0.0;0.0
QQQ;81;0.40307101727447214;3092.7454534209583
SOCL;3;0.21063189568706117;5.502031302031301
CIZ;9;1.0;40.94255485321302
CLDC;6;0.7777777777777778;1087.2
BCOM;1;0.0;0.0
EIGI;1;0.0;0.0
HTBK;1;0.0;0.0
NVDA;3;1.0;4.2
OFS;1;0.0;0.0
CMRX;1;1.0;0.0
COLB;35;0.208955223880597;1559.1033639767725
COMT;4;0.24242424242424243;632.0000000000002
AXAS;3;0.0;0.0
FTR;1;0.0;0.0
PSCD;11;0.31834259727134917;3149.6969769739057
COST;2;0.18608080212326747;0.0
CRZO;4;0.2422145328719723;1250.5000000000005
CSF;16;0.3128103277060576;54.86534989155681
CSQ;14;0.3282959874934862;183.42911611495515
CTBI;4;0.1543919745534622;5.0
CVBF;34;0.2510960542048625;2476.1122694491396
DAX;4;1.0;25.60545141133375
DCOM;29;0.25851456709068527;891.1989853030483
EGLT;1;0.0;0.0
GRVY;1;0.0;0.0
UTSI;1;0.0;0.0
DFVL;1;1.0;0.0
DGICB;4;1.0;0.0
AEMD;1;0.0;0.0
FSAM;1;0.0;0.0
RELL;1;0.0;0.0
WINS;1;0.0;0.0
DGRW;64;0.37433155080213903;3619.61478888699
DISCA;3;1.0;2.0
DISCB;2;0.0;0.0
DISCK;2;0.6666666666666666;0.0
DLBL;2;1.0;0.0
CTRN;2;0.0;0.0
DTUS;1;0.0;0.0
DLBS;1;1.0;0.0
TANNL;2;0.0;0.0
DTUL;2;0.22692998204667864;0.0
NGHC;1;0.0;0.0
PVTB;54;0.29261495587552255;5248.7285665901345
DTYL;212;0.37435657463734207;0.0
ADVM;1;0.0;0.0
AEGN;2;0.0;0.0
AEGR;1;0.0;0.0
AIRT;1;0.0;0.0
ALOT;1;0.0;0.0
AMCN;1;0.0;0.0
AMRI;1;0.0;0.0
AMRN;1;0.0;0.0
AMSWA;1;0.0;0.0
AOSL;1;0.0;0.0
APPS;1;0.0;0.0
ARRY;1;0.0;0.0
ARTW;1;0.0;0.0
ATVI;1;0.0;0.0
BEBE;2;0.0;0.0
BONT;1;0.0;0.0
BRID;1;0.0;0.0
BSFT;1;0.0;0.0
BSQR;1;0.0;0.0
CAAS;1;0.0;0.0
CACQ;2;0.0;0.0
CALD;1;0.0;0.0
CAMT;1;0.0;0.0
CAPN;1;0.0;0.0
CBLI;1;0.0;0.0
CDXC;1;0.0;0.0
CETV;1;0.0;0.0
CFBK;1;0.0;0.0
CHCI;1;0.0;0.0
CJJD;1;0.0;0.0
COHU;1;0.0;0.0
COVS;1;0.0;0.0
CRAY;1;0.0;0.0
CRDS;2;0.0;0.0
CYOU;1;0.0;0.0
CYRN;1;0.0;0.0
CYTK;1;0.0;0.0
CYTX;1;0.0;0.0
DHRM;1;0.0;0.0
DJCO;1;0.0;0.0
DORM;1;0.0;0.0
DSKX;1;0.0;0.0
DTSI;1;0.0;0.0
DTYS;2;1.0;1.0
EBAY;5;0.26669484361792056;3.090909090909091
EBIO;1;0.0;0.0
EDUC;1;0.0;0.0
EGHT;1;0.0;0.0
ELSE;1;0.0;0.0
EMCG;2;0.0;0.0
EMIF;6;1.0;0.5909090909090909
EPAY;1;0.0;0.0
EXAS;1;0.0;0.0
EXPO;1;0.0;0.0
FBNK;1;0.0;0.0
FBZ;1;0.0;0.0
FDIV;1;0.0;0.0
FEIM;1;0.0;0.0
FEMB;3;1.0;2.0
FEP;24;0.2703862660944206;3039.107694031349
FRAN;1;0.0;0.0
FRME;7;0.2395596051632498;91.86300169461771
FSBC;1;0.0;0.0
FSFG;1;0.0;0.0
FSLR;3;0.0;0.0
FSNN;1;0.0;0.0
FTD;1;0.0;0.0
FTNT;1;0.0;0.0
GALE;2;0.0;0.0
GEOS;1;0.0;0.0
GNVC;1;0.0;0.0
HMNF;1;0.0;0.0
HOVNP;1;0.0;0.0
HSIC;6;0.0;0.0
HTCH;1;0.0;0.0
HUBG;2;0.0;0.0
HURC;1;0.0;0.0
IGF;21;0.3284671532846715;1777.4436928614361
IMGN;1;0.0;0.0
IMMR;2;0.0;0.0
INO;1;0.0;0.0
IPAR;1;0.0;0.0
IPCC;1;0.0;0.0
IRBT;1;0.0;0.0
IRDM;1;0.0;0.0
ISTR;1;0.0;0.0
ITUS;1;0.0;0.0
JCTCF;1;0.0;0.0
JD;2;1.0;1.0
JNP;1;0.0;0.0
KEYW;1;0.0;0.0
KFFB;1;0.0;0.0
KINS;1;0.0;0.0
KLXI;1;0.0;0.0
KMDA;1;0.0;0.0
KOPN;1;0.0;0.0
KWEB;3;0.0;0.0
LAWS;1;0.0;0.0
LGIH;1;0.0;0.0
LION;1;0.0;0.0
LMIA;1;0.0;0.0
LOCO;1;0.0;0.0
LVNTA;1;0.0;0.0
LWAY;1;0.0;0.0
MBWM;5;0.2013401403956605;5.98015873015873
MDRX;3;0.0;0.0
MDXG;1;0.0;0.0
MFIN;1;0.0;0.0
MKTX;1;0.0;0.0
MLAB;1;0.0;0.0
MMAC;1;0.0;0.0
MOSY;1;0.0;0.0
MTSL;1;0.0;0.0
MXWL;3;0.0;0.0
MYRG;1;0.0;0.0
NANO;1;0.0;0.0
NBTB;23;0.2219873150105708;1238.7949202221394
NEOT;1;0.0;0.0
NFEC;1;0.0;0.0
NLNK;2;1.0;1.0
NRCIB;1;0.0;0.0
NTES;1;0.0;0.0
NWFL;1;0.0;0.0
NXEO;1;0.0;0.0
OBAS;1;0.0;0.0
OBCI;1;0.0;0.0
OCLR;2;0.0;0.0
OFED;1;0.0;0.0
ONTX;1;0.0;0.0
OSM;1;0.0;0.0
PAAS;5;1.0;220.0
PDCO;3;0.0;0.0
PFBC;3;0.2031551835157759;11.148131080389144
POWI;1;0.0;0.0
PRAH;1;0.0;0.0
PRGS;1;0.0;0.0
PRGX;1;0.0;0.0
PSTB;2;0.0;0.0
PTLA;1;0.0;0.0
QAT;1;0.0;0.0
QCRH;2;0.0;0.0
RAVE;1;0.0;0.0
RBCAA;4;0.14767142522817692;6.549603174603174
RCMT;1;0.0;0.0
RICK;1;0.0;0.0
RMCF;2;0.0;0.0
ROIA;1;0.0;0.0
RSTI;1;0.0;0.0
RTK;2;0.0;0.0
RVSB;1;0.0;0.0
SAFT;1;0.0;0.0
SASR;3;0.0;0.0
SGI;1;0.0;0.0
SGMA;1;0.0;0.0
SGRP;1;0.0;0.0
SHIP;1;0.0;0.0
SKOR;1;0.0;0.0
SKUL;1;0.0;0.0
SMBC;1;0.0;0.0
SMED;2;0.0;0.0
SOHOL;1;0.0;0.0
SPPI;1;0.0;0.0
SRPT;1;0.0;0.0
STEM;1;0.0;0.0
STX;2;0.0;0.0
SYMC;2;1.0;0.3333333333333333
TAYD;1;0.0;0.0
TCFC;1;0.0;0.0
TINY;2;0.0;0.0
TTMI;2;0.0;0.0
TTNP;1;0.0;0.0
TUBE;1;0.0;0.0
UDF;1;0.0;0.0
UFCS;1;0.0;0.0
UTHR;1;0.0;0.0
VASC;1;0.0;0.0
VIAV;2;0.0;0.0
VICL;1;0.0;0.0
WDFC;2;0.0;0.0
WINA;1;0.0;0.0
WINT;1;0.0;0.0
WYNN;1;0.0;0.0
XNCR;1;0.0;0.0
YHOO;1;0.0;0.0
ZIOP;8;0.0;0.0
ZN;1;0.0;0.0
DWAT;12;0.3486441615938019;0.9085206907787552
DXPS;5;1.0;4.488410505902766
EEMA;12;0.22760115606936415;32.12191369384804
EQIX;1;1.0;0.0
EUFN;26;0.27120103314679295;751.4414388417767
EWBC;7;0.19498607242339833;2.2151667504608685
EXPD;1;0.6;0.0
FAD;30;0.33635878270154834;683.4852642220603
FAST;4;0.24380804953560373;215.0
FCA;1;1.0;0.0
KVHI;2;0.0;0.0
FCAN;1;0.19537037037037036;0.0
FDT;13;0.28012449977767895;91.10867433906425
FEM;6;0.21312584573748308;35.49790186026612
DENN;1;0.0;0.0
FEX;44;0.3490304709141274;1369.7968661954117
FFBC;26;0.20874751491053678;3207.0309551791975
FFIN;9;0.17298187808896212;635.946109839817
FGM;5;0.21421285277116628;71.02681040364862
FIBK;13;0.17307692307692307;27.030567422819523
FRGI;1;0.0;0.0
SFM;3;0.0;0.0
FITB;23;0.17326732673267325;76.90744046955375
FKU;5;0.2133423636979343;5.764588597676833
FLN;2;1.0;0.0
EWZS;2;0.0;0.0
FMBI;85;0.2638190954773869;10174.288436900457
HBCP;1;0.0;0.0
HOLX;2;0.0;0.0
FMK;21;0.34980566352026654;129.41856152223502
FNK;21;0.2885936784241869;33.2441692742121
FNY;59;0.38158691701998787;2361.5091814885413
PSCC;4;0.0;0.0
FOXA;2;0.6666666666666666;3.285196039442595
FTA;31;0.3507795100222717;561.22824682374
CDNS;2;0.0;0.0
CTSH;3;0.0;0.0
MANT;2;0.0;0.0
SBSI;3;0.17326732673267325;1.3029580404580405
TSC;2;0.0;0.0
FTCS;37;0.3701527614571093;88.83033019121571
FULT;33;0.2510960542048625;1404.2398784214038
FV;47;0.37656903765690375;2190.5722755264555
WEN;2;0.0;0.0
PSCI;45;0.3409090909090909;928.096564081324
FYX;35;0.33707865168539325;367.05399038216405
GABC;2;1.0;217.0
GALTU;8;0.2577777777777778;0.0
BWLD;1;0.0;0.0
CASS;1;0.0;0.0
GENE;1;0.0;0.0
VIIX;3;0.18226458694396303;636.5696096913838
WWD;3;0.24372344534569332;8.22815437516812
GBCI;56;0.3111111111111111;6332.791717653775
ETFC;5;0.0;0.0
LTRX;2;0.0;0.0
GK;5;0.2567237163814181;648.3409090909091
SHBI;1;0.0;0.0
SIFY;1;0.0;0.0
GOLD;4;0.19886542704065552;0.0
OZRK;18;0.24599765716516986;659.8163468342796
PRZM;2;0.0;0.0
RGEN;3;0.0;0.0
SSNC;3;0.0;0.0
GOOGL;5;0.6666666666666666;18.805362864259912
GOV;3;1.0;1.0
SNCR;2;0.0;0.0
GSBC;4;0.19504643962848298;1.4865183330991034
HAFC;16;0.26239067055393583;347.310571940268
HBAN;16;0.20916334661354583;741.3442397066013
HBHC;6;0.2393617021276596;66.46205306131779
HOPE;8;0.17345814977973567;5.120634920634919
HPT;2;0.75;0.0
IBB;38;0.3103448275862069;3606.9942417032316
BIIB;2;0.0;0.0
FOLD;1;0.0;0.0
NUVA;1;0.0;0.0
PRTS;1;0.0;0.0
TECD;3;0.0;0.0
IBKC;14;0.208955223880597;4.0588558500323195
IFGL;10;0.2707348517404383;44.56133264256065
FTRI;2;0.0;0.0
IGOV;2;1.0;1.0
ISCA;1;0.0;0.0
ILMN;1;0.2010194329404269;0.0
INDB;13;0.22364217252396165;29.63377609036576
INTC;2;0.27339688041594457;0.0
ISBC;10;0.208955223880597;308.7954194678662
ISHG;1;0.6666666666666666;0.0
IXUS;43;0.2995720399429387;1301.94522774896
FLEX;9;0.0;0.0
FPA;1;0.0;0.0
ICLN;4;0.0;0.0
IPKW;6;0.0;0.0
JCOM;5;0.27331887201735355;14.519230327344097
WDC;1;0.0;0.0
JKI;18;0.3225806451612903;28.8061424738555
KELYB;66;0.22448979591836735;0.0
ABAC;1;0.0;0.0
ABEO;1;0.0;0.0
ACRX;1;0.0;0.0
AEZS;1;0.0;0.0
AMCC;1;0.0;0.0
APPY;1;0.0;0.0
ARCI;1;0.0;0.0
ATEC;1;0.0;0.0
ATOS;1;0.0;0.0
BPFHW;1;0.0;0.0
BPTH;1;0.0;0.0
BSPM;1;0.0;0.0
CALI;1;0.0;0.0
CAPNW;1;0.0;0.0
CCCR;1;0.0;0.0
CNTF;1;0.0;0.0
CSII;1;0.0;0.0
CXDC;1;0.0;0.0
ENG;1;0.0;0.0
ENPH;1;0.0;0.0
ESES;1;0.0;0.0
FFBCW;1;0.0;0.0
GCBC;1;0.0;0.0
GIFI;1;0.0;0.0
GTLS;1;0.0;0.0
GTXI;1;0.0;0.0
IMOS;1;0.0;0.0
INVE;1;0.0;0.0
IRMD;1;0.0;0.0
ITI;1;0.0;0.0
LBTYA;3;1.0;218.0
LFUS;2;0.0;0.0
LIND;1;0.0;0.0
MCBC;1;0.0;0.0
NEON;1;0.0;0.0
PTSI;1;0.0;0.0
RDNT;1;0.0;0.0
RNST;7;0.2405015197568389;263.5973847164994
RPRX;1;0.0;0.0
SEAC;1;0.0;0.0
SGEN;1;0.0;0.0
SGYPU;1;0.0;0.0
SHSP;1;0.0;0.0
SIEB;1;0.0;0.0
SMRT;1;0.0;0.0
SPCB;1;0.0;0.0
SREV;1;0.0;0.0
STRL;1;0.0;0.0
SYNT;1;0.0;0.0
TA;1;0.0;0.0
TCCO;1;0.0;0.0
TRVN;1;0.0;0.0
TVIZ;3;0.22281073446327684;353.6347581406434
VTL;1;0.0;0.0
WIX;1;0.0;0.0
XENT;1;0.0;0.0
ZEUS;1;0.0;0.0
LAMR;1;0.27651183172655563;0.0
LBRDA;5;1.0;57.94976190476191
CHTR;2;0.0;0.0
LBTYB;1;0.0;0.0
LBTYK;2;0.6666666666666666;432.0
LGCYP;1;1.0;0.0
LGCYO;1;0.0;0.0
LGND;1;0.2010194329404269;0.0
LKFN;43;0.26448362720403024;1096.7682699644672
BMTC;1;0.0;0.0
GBNK;1;0.0;0.0
LLTC;14;0.17766497461928935;1931.948277301684
LMCK;2;0.6666666666666666;0.0
LTXB;5;0.23782559456398641;79.08832968201385
MATW;3;0.25743380855397147;11.867616874887874
SYBT;4;0.20825082508250825;39.027453396929566
MBFI;12;0.2610857853294654;38.883215443559834
MCHP;7;0.1514059120403749;843.6744227994228
OMEX;1;0.0;0.0
MENT;6;0.27260926006057984;207.51037609822507
MEOH;1;1.0;0.0
MNST;1;1.0;0.0
IXYS;3;0.0;0.0
MORN;2;0.25209748302037555;0.0
MPWR;9;0.1516610495907559;328.34613024490216
PCAR;1;0.0;0.0
MSFT;6;0.22419928825622776;3.287323597455176
MSTR;3;1.0;0.5796825396825397
MXIM;4;0.5454545454545454;0.125
NFBK;2;1.0;0.0
NBIX;1;0.0;0.0
NTRS;20;0.2796271637816245;682.2408498918788
NDAQ;1;0.0;0.0
ISIL;3;0.0;0.0
NWSA;6;1.0;3.106592498077892
NXPI;1;1.0;0.0
IDTI;2;0.0;0.0
ONB;24;0.24980174464710547;920.0841454262667
ONEQ;120;0.4144736842105263;4768.9771099103045
AAPL;2;0.0;0.0
CMCSA;2;0.0;0.0
CPHD;1;0.0;0.0
DHIL;1;0.0;0.0
FJP;2;0.0;0.0
FONE;1;0.0;0.0
GNTX;6;0.0;0.0
IAC;1;0.0;0.0
MSCC;2;0.0;0.0
SYNL;1;0.0;0.0
OPHT;4;0.20625610948191594;0.0
CLDX;1;0.0;0.0
PTC;1;0.0;0.0
OSIS;5;0.26748622297583724;0.0
IBOC;5;0.0;0.0
PBCT;9;0.2090939263192831;27.68018318574745
PCLN;15;0.30052306229196385;0.0
DXJS;2;0.0;0.0
KLAC;2;0.0;0.0
PFPT;1;1.0;0.0
PNFP;64;0.30837004405286345;11961.27456422315
BSRR;1;0.0;0.0
FNBC;1;0.0;0.0
HTLF;3;0.0;0.0
STB;1;0.0;0.0
UBFO;41;0.21487039563437926;9253.612908742447
WETF;1;0.0;0.0
WRLD;2;0.0;0.0
PNQI;10;0.266384778012685;655.7015478563994
PPH;11;0.27522935779816515;222.20716782660662
GLNG;1;0.0;0.0
HEES;1;0.0;0.0
TERP;1;0.0;0.0
ACGL;1;0.0;0.0
COBZ;1;0.0;0.0
FCBC;2;0.0;0.0
MANH;3;0.0;0.0
AMCX;1;0.0;0.0
CNMD;1;0.0;0.0
PSCT;48;0.3547297297297297;1976.1595741861447
ESND;1;0.0;0.0
NOVT;1;0.0;0.0
SMSI;2;0.0;0.0
PSCU;1;1.0;0.0
MGEE;1;0.0;0.0
PTEN;2;0.19620646766169153;0.0
LBAI;2;0.0;0.0
XTLB;1;0.0;0.0
QABA;61;0.3874538745387454;16277.213888715261
CBF;2;0.0;0.0
QCLN;11;1.0;224.97981644687582
QCOM;3;0.13171649592306084;0.26785714285714285
QQXT;110;0.4177718832891247;4443.64207800383
CERN;2;0.0;0.0
INTU;1;0.0;0.0
JBHT;1;0.0;0.0
LOGM;2;0.0;0.0
ORBC;1;0.0;0.0
PAYX;4;0.0;0.0
VRNT;1;0.0;0.0
QTEC;41;0.30464216634429403;2265.4645414329416
ENTG;1;0.0;0.0
QVCB;9;1.0;0.0
CIDM;1;0.0;0.0
CISG;1;0.0;0.0
EXEL;1;0.0;0.0
SCLN;1;0.0;0.0
TUES;1;0.0;0.0
QYLD;3;0.2983451536643026;0.0
RARE;2;1.0;0.0
EPZM;1;0.0;0.0
MDGL;1;0.0;0.0
RDVY;33;0.3643724696356275;115.07787378504592
REGN;4;0.20426632191338073;0.0
GILD;1;0.0;0.0
ROBO;20;0.3042008691453404;9.60308112329816
RUSHB;1;1.0;0.0
RUSHA;1;0.0;0.0
RVEN;2;1.0;0.0
MICTW;1;0.0;0.0
SBNY;8;0.23393984404010398;38.50049847813004
SBNYW;4;1.0;0.0
BMRA;1;0.0;0.0
OPXA;1;0.0;0.0
STAA;1;0.0;0.0
SCZ;23;0.3151575787893947;1014.1762173990895
SEIC;1;0.21310368118878756;0.0
SENEB;1;1.0;0.0
CGEN;1;0.0;0.0
SFNC;3;0.24047256097560976;0.0
SIVB;12;0.2878026496116948;396.6261118646086
SKYY;48;0.37544696066746125;1344.821398400609
SMTC;1;0.26215205650186957;0.0
SNI;5;0.8571428571428571;0.0
CDW;1;0.0;0.0
SNPS;8;0.27680140597539543;16.92443574943575
SOXX;25;0.29018885306310455;1118.241925560804
CY;1;0.0;0.0
TVIA;1;0.0;0.0
TVIX;4;0.2225362062875309;1264.5696096913837
VIDI;21;0.285455369279565;3716.654362781906
SRCL;1;0.2768758227292672;0.0
SSB;8;0.2962441314553991;0.0
STBZ;3;0.24362934362934363;0.0
CDXS;1;0.0;0.0
CTHR;1;0.0;0.0
NAME;1;0.0;0.0
TNAV;1;0.0;0.0
UCFC;1;0.0;0.0
TCBI;8;0.2842960288808664;2.7093955665937086
TCBK;9;0.22269353128313893;134.70022969595084
TDIV;35;0.36777583187390545;169.6425928347556
TLT;3;0.5;1.5
VGIT;7;0.8;8.0
TMUS;3;0.0;0.0
TMUSP;1;1.0;0.0
TQQQ;11;0.3055286129970902;2.3142246642246644
TRMK;19;0.2885936784241869;2087.9192081566357
TROVU;2;1.0;0.0
KBSF;1;0.0;0.0
TRTL;1;1.0;0.0
SMBK;1;0.0;0.0
TRTLU;1;1.0;0.0
OMCL;1;0.0;0.0
TXN;3;0.2364384586606809;0.0
TSCO;1;0.0;0.0
AFAM;1;0.0;0.0
ALJJ;1;0.0;0.0
ALSK;1;0.0;0.0
AUMAU;1;0.0;0.0
BKMU;1;0.0;0.0
BMCH;1;0.0;0.0
BOCH;1;0.0;0.0
CIZN;1;0.0;0.0
CLMS;1;0.0;0.0
CVCY;1;0.0;0.0
CWST;1;0.0;0.0
EBMT;1;0.0;0.0
ELOS;1;0.0;0.0
FCCY;1;0.0;0.0
IIVI;1;0.0;0.0
JXSB;1;0.0;0.0
KE;1;0.0;0.0
NRIM;1;0.0;0.0
NSSC;1;0.0;0.0
NUAN;1;0.0;0.0
PENN;1;0.0;0.0
PLPM;1;0.0;0.0
PNTR;1;0.0;0.0
PRSC;1;0.0;0.0
RVNC;1;0.0;0.0
SLP;1;0.0;0.0
SMTX;1;0.0;0.0
TENX;1;0.0;0.0
TRNS;1;0.0;0.0
WFBI;1;0.0;0.0
WTFC;12;0.25830258302583026;751.4394842326574
UBNK;4;0.22463510145959417;0.0
TRST;3;0.0;0.0
UBSI;16;0.25301204819277107;26.100539622519324
UCBI;14;0.23619402985074628;4.321428571428571
UMPQ;16;0.25089605734767023;113.00787125324538
UVSP;1;0.17292408879144971;0.0
VALX;14;0.32390745501285345;28.81334920298224
VCIT;5;1.0;4.0
VECO;2;0.0;0.0
VCLT;3;0.5;1.5
VCSH;2;1.0;0.0
VGLT;2;0.45454545454545453;0.0
VIAB;1;1.0;0.0
VIIZ;1;0.15437225207620908;0.0
VNQI;23;0.2863636363636364;550.7667758469075
VNRBP;3;0.0;0.0
VNRCP;1;1.0;0.0
GT;1;0.0;0.0
SANM;2;0.0;0.0
FLIR;2;0.0;0.0
HDS;2;0.0;0.0
NATI;1;0.0;0.0
SATS;1;0.0;0.0
VONV;36;0.37815126050420167;359.51742627943486
VRSN;6;0.32079308591764105;0.0
GERN;1;0.0;0.0
VTHR;29;0.3804347826086957;63.556535648128616
ALGN;1;0.0;0.0
CAVM;1;0.0;0.0
CERS;1;0.0;0.0
MASI;1;0.0;0.0
NVAX;1;0.0;0.0
PLKI;1;0.0;0.0
RDWR;1;0.0;0.0
TROW;1;0.0;0.0
AAON;1;0.0;0.0
AMKR;1;0.0;0.0
CSFL;1;0.0;0.0
LYTS;1;0.0;0.0
RTRX;1;0.0;0.0
SCSC;1;0.0;0.0
VUSE;44;0.3897467572575664;0.0
WAFD;46;0.3182957393483709;0.0
WASH;18;0.292491939198526;0.0
OKSB;1;0.0;0.0
WOOF;14;0.348543155579989;0.0
MAR;1;0.0;0.0
SLAB;1;0.0;0.0
THRM;1;0.0;0.0
WSBC;7;0.26182572614107885;0.0
WSFS;1;0.2242359630419332;0.0
XLNX;2;0.23615269461077845;0.0
XRAY;2;0.27363399826539464;0.0
ZION;3;0.23284132841328414;0.0
ZIV;1;0.6666666666666666;0.0
PIH;0;0.0;0.0
FLWS;0;0.0;0.0
SRCE;0;0.0;0.0
VNET;0;0.0;0.0
JOBS;0;0.0;0.0
CAFD;0;0.0;0.0
AVHI;0;0.0;0.0
SHLM;0;0.0;0.0
ABAX;0;0.0;0.0
ABEOW;0;0.0;0.0
ABIL;0;0.0;0.0
ABMD;0;0.0;0.0
ACIU;0;0.0;0.0
ACIA;0;0.0;0.0
ACTG;0;0.0;0.0
ACHC;0;0.0;0.0
ACST;0;0.0;0.0
AXDX;0;0.0;0.0
XLRN;0;0.0;0.0
ANCX;0;0.0;0.0
ARAY;0;0.0;0.0
ACET;0;0.0;0.0
AKAO;0;0.0;0.0
ACRS;0;0.0;0.0
ACNB;0;0.0;0.0
ACTS;0;0.0;0.0
ACPW;0;0.0;0.0
ACTA;0;0.0;0.0
ACUR;0;0.0;0.0
ACXM;0;0.0;0.0
ADMS;0;0.0;0.0
ADMP;0;0.0;0.0
ADAP;0;0.0;0.0
ADUS;0;0.0;0.0
AEY;0;0.0;0.0
IOTS;0;0.0;0.0
ADMA;0;0.0;0.0
ADTN;0;0.0;0.0
ADRO;0;0.0;0.0
AAAP;0;0.0;0.0
ADES;0;0.0;0.0
AITP;0;0.0;0.0
AMD;0;0.0;0.0
ADXS;0;0.0;0.0
ADXSW;0;0.0;0.0
MAUI;0;0.0;0.0
YPRO;0;0.0;0.0
AGLE;0;0.0;0.0
AEHR;0;0.0;0.0
AMTX;0;0.0;0.0
AEPI;0;0.0;0.0
AERI;0;0.0;0.0
AVAV;0;0.0;0.0
AFMD;0;0.0;0.0
AGRX;0;0.0;0.0
AGYS;0;0.0;0.0
AGFS;0;0.0;0.0
AGFSW;0;0.0;0.0
AIMT;0;0.0;0.0
ATSG;0;0.0;0.0
AIRG;0;0.0;0.0
AIXG;0;0.0;0.0
AKTX;0;0.0;0.0
AKBA;0;0.0;0.0
AKER;0;0.0;0.0
AKRX;0;0.0;0.0
ALRM;0;0.0;0.0
ABDC;0;0.0;0.0
ADHD;0;0.0;0.0
ALDR;0;0.0;0.0
ALDX;0;0.0;0.0
ALXN;0;0.0;0.0
ALCO;0;0.0;0.0
ALIM;0;0.0;0.0
ABTX;0;0.0;0.0
AIQ;0;0.0;0.0
AHGP;0;0.0;0.0
ARLP;0;0.0;0.0
AMOT;0;0.0;0.0
ALQA;0;0.0;0.0
ALLT;0;0.0;0.0
SMCP;0;0.0;0.0
ASPS;0;0.0;0.0
AIMC;0;0.0;0.0
AMRK;0;0.0;0.0
AYA;0;0.0;0.0
AMBC;0;0.0;0.0
AMBCW;0;0.0;0.0
AMBA;0;0.0;0.0
DOX;0;0.0;0.0
AMDA;0;0.0;0.0
AMED;0;0.0;0.0
UHAL;0;0.0;0.0
ATAX;0;0.0;0.0
AMOV;0;0.0;0.0
AAL;0;0.0;0.0
AGNC;0;0.0;0.0
AGNCB;0;0.0;0.0
AGNCP;0;0.0;0.0
MTGE;0;0.0;0.0
MTGEP;0;0.0;0.0
ACSF;0;0.0;0.0
ACAS;0;0.0;0.0
AETI;0;0.0;0.0
ANAT;0;0.0;0.0
APEI;0;0.0;0.0
ARII;0;0.0;0.0
AMRB;0;0.0;0.0
AMSC;0;0.0;0.0
AMWD;0;0.0;0.0
CRMT;0;0.0;0.0
AMSF;0;0.0;0.0
ASRV;0;0.0;0.0
ASRVP;0;0.0;0.0
ATLO;0;0.0;0.0
AMPH;0;0.0;0.0
IBUY;0;0.0;0.0
ASYS;0;0.0;0.0
AFSI;0;0.0;0.0
AMRS;0;0.0;0.0
AVXL;0;0.0;0.0
ANCB;0;0.0;0.0
ANDA;0;0.0;0.0
ANDAR;0;0.0;0.0
ANDAU;0;0.0;0.0
ANDAW;0;0.0;0.0
ANGI;0;0.0;0.0
ANGO;0;0.0;0.0
ANIP;0;0.0;0.0
ANIK;0;0.0;0.0
ATRS;0;0.0;0.0
ANTH;0;0.0;0.0
APIC;0;0.0;0.0
APOG;0;0.0;0.0
APOL;0;0.0;0.0
AINV;0;0.0;0.0
AMEH;0;0.0;0.0
APPF;0;0.0;0.0
AGTC;0;0.0;0.0
AAOI;0;0.0;0.0
AREX;0;0.0;0.0
APTI;0;0.0;0.0
APRI;0;0.0;0.0
APVO;0;0.0;0.0
APTO;0;0.0;0.0
AQMS;0;0.0;0.0
AQXP;0;0.0;0.0
AUMA;0;0.0;0.0
AUMAW;0;0.0;0.0
ARDM;0;0.0;0.0
ARLZ;0;0.0;0.0
ABUS;0;0.0;0.0
ARCW;0;0.0;0.0
ABIO;0;0.0;0.0
RKDA;0;0.0;0.0
ARCB;0;0.0;0.0
APLP;0;0.0;0.0
ACAT;0;0.0;0.0
ARDX;0;0.0;0.0
ARNA;0;0.0;0.0
ARCC;0;0.0;0.0
AGII;0;0.0;0.0
AGIIL;0;0.0;0.0
ARGS;0;0.0;0.0
ARIS;0;0.0;0.0
ARKR;0;0.0;0.0
ARTX;0;0.0;0.0
ARWA;0;0.0;0.0
ARWAR;0;0.0;0.0
ARWAU;0;0.0;0.0
ARWAW;0;0.0;0.0
ARQL;0;0.0;0.0
ARRS;0;0.0;0.0
ARWR;0;0.0;0.0
ARTNA;0;0.0;0.0
PUMP;0;0.0;0.0
ASBB;0;0.0;0.0
ASNA;0;0.0;0.0
ASND;0;0.0;0.0
ASCMA;0;0.0;0.0
APWC;0;0.0;0.0
ASML;0;0.0;0.0
ASMB;0;0.0;0.0
ASFI;0;0.0;0.0
ASTE;0;0.0;0.0
ATRO;0;0.0;0.0
ASTC;0;0.0;0.0
ASUR;0;0.0;0.0
ATAI;0;0.0;0.0
ATRA;0;0.0;0.0
ATHN;0;0.0;0.0
ATHX;0;0.0;0.0
AAPC;0;0.0;0.0
AAME;0;0.0;0.0
ACBI;0;0.0;0.0
ACFC;0;0.0;0.0
ABY;0;0.0;0.0
ATLC;0;0.0;0.0
AAWW;0;0.0;0.0
AFH;0;0.0;0.0
TEAM;0;0.0;0.0
ATNI;0;0.0;0.0
ATMR;0;0.0;0.0
ATRC;0;0.0;0.0
ATRI;0;0.0;0.0
ATTU;0;0.0;0.0
LIFE;0;0.0;0.0
AUBN;0;0.0;0.0
BOLD;0;0.0;0.0
AUDC;0;0.0;0.0
AUPH;0;0.0;0.0
EARS;0;0.0;0.0
ABTL;0;0.0;0.0
ADSK;0;0.0;0.0
AGMX;0;0.0;0.0
AVEO;0;0.0;0.0
AVXS;0;0.0;0.0
AVNW;0;0.0;0.0
AVID;0;0.0;0.0
AVGR;0;0.0;0.0
AVIR;0;0.0;0.0
CAR;0;0.0;0.0
AWRE;0;0.0;0.0
ACLS;0;0.0;0.0
AXGN;0;0.0;0.0
AXSM;0;0.0;0.0
AXTI;0;0.0;0.0
AZRX;0;0.0;0.0
RILY;0;0.0;0.0
BOSC;0;0.0;0.0
BEAV;0;0.0;0.0
BCPC;0;0.0;0.0
BWINA;0;0.0;0.0
BLDP;0;0.0;0.0
BANFP;0;0.0;0.0
BKSC;0;0.0;0.0
BOTJ;0;0.0;0.0
BFIN;0;0.0;0.0
BWFG;0;0.0;0.0
BZUN;0;0.0;0.0
TAPR;0;0.0;0.0
BHAC;0;0.0;0.0
BHACR;0;0.0;0.0
BHACU;0;0.0;0.0
BHACW;0;0.0;0.0
BBSI;0;0.0;0.0
BSET;0;0.0;0.0
BYBK;0;0.0;0.0
BV;0;0.0;0.0
BCBP;0;0.0;0.0
BECN;0;0.0;0.0
BSF;0;0.0;0.0
BGNE;0;0.0;0.0
BELFA;0;0.0;0.0
BELFB;0;0.0;0.0
BLPH;0;0.0;0.0
BLCM;0;0.0;0.0
BNCL;0;0.0;0.0
BNFT;0;0.0;0.0
BNTC;0;0.0;0.0
BNTCW;0;0.0;0.0
BGFV;0;0.0;0.0
ORPN;0;0.0;0.0
BASI;0;0.0;0.0
BIOC;0;0.0;0.0
BCRX;0;0.0;0.0
BIOD;0;0.0;0.0
BDSI;0;0.0;0.0
BIOL;0;0.0;0.0
BLFS;0;0.0;0.0
BOLT;0;0.0;0.0
BLRX;0;0.0;0.0
BVXV;0;0.0;0.0
BVXVW;0;0.0;0.0
BIOS;0;0.0;0.0
BSTG;0;0.0;0.0
TECH;0;0.0;0.0
BEAT;0;0.0;0.0
BJRI;0;0.0;0.0
BDE;0;0.0;0.0
BKCC;0;0.0;0.0
BLMN;0;0.0;0.0
BCOR;0;0.0;0.0
BLBD;0;0.0;0.0
BUFF;0;0.0;0.0
NILE;0;0.0;0.0
BLUE;0;0.0;0.0
BKEP;0;0.0;0.0
BKEPP;0;0.0;0.0
BPMC;0;0.0;0.0
ITEQ;0;0.0;0.0
BNCN;0;0.0;0.0
BOBE;0;0.0;0.0
BOFI;0;0.0;0.0
BOFIL;0;0.0;0.0
WIFI;0;0.0;0.0
BOJA;0;0.0;0.0
BOKFL;0;0.0;0.0
BNSO;0;0.0;0.0
BPFHP;0;0.0;0.0
BLVD;0;0.0;0.0
BLVDU;0;0.0;0.0
BLVDW;0;0.0;0.0
BOXL;0;0.0;0.0
BCLI;0;0.0;0.0
BBRG;0;0.0;0.0
"BLIN          ";0;0.0;0.0
BCOV;0;0.0;0.0
BVSN;0;0.0;0.0
BWEN;0;0.0;0.0
BRCD;0;0.0;0.0
BRKR;0;0.0;0.0
BLMT;0;0.0;0.0
BLDR;0;0.0;0.0
BMLA;0;0.0;0.0
BUR;0;0.0;0.0
CFFI;0;0.0;0.0
CCMP;0;0.0;0.0
CDZI;0;0.0;0.0
CZR;0;0.0;0.0
CSTE;0;0.0;0.0
CLBS;0;0.0;0.0
CHY;0;0.0;0.0
CHI;0;0.0;0.0
CCD;0;0.0;0.0
CAMP;0;0.0;0.0
CVGW;0;0.0;0.0
CALA;0;0.0;0.0
CALM;0;0.0;0.0
CLMT;0;0.0;0.0
ABCD;0;0.0;0.0
CAC;0;0.0;0.0
CSIQ;0;0.0;0.0
CGIX;0;0.0;0.0
CPHC;0;0.0;0.0
CPLA;0;0.0;0.0
CCBG;0;0.0;0.0
CPLP;0;0.0;0.0
CPTA;0;0.0;0.0
CLAC;0;0.0;0.0
CLACU;0;0.0;0.0
CLACW;0;0.0;0.0
CAPR;0;0.0;0.0
CSTR;0;0.0;0.0
CPST;0;0.0;0.0
CARA;0;0.0;0.0
CARB;0;0.0;0.0
CBYL;0;0.0;0.0
CCN;0;0.0;0.0
CCNWW;0;0.0;0.0
CRME;0;0.0;0.0
CDNA;0;0.0;0.0
CTRE;0;0.0;0.0
CKEC;0;0.0;0.0
CLBH;0;0.0;0.0
CARO;0;0.0;0.0
CART;0;0.0;0.0
TAST;0;0.0;0.0
CRTN;0;0.0;0.0
CASM;0;0.0;0.0
CACB;0;0.0;0.0
CASC;0;0.0;0.0
CASI;0;0.0;0.0
CATB;0;0.0;0.0
CBIO;0;0.0;0.0
CPRX;0;0.0;0.0
CATYW;0;0.0;0.0
CVCO;0;0.0;0.0
CBFV;0;0.0;0.0
CBOE;0;0.0;0.0
CDK;0;0.0;0.0
CECE;0;0.0;0.0
CELGZ;0;0.0;0.0
APOP;0;0.0;0.0
APOPW;0;0.0;0.0
CLRB;0;0.0;0.0
CLRBW;0;0.0;0.0
CLRBZ;0;0.0;0.0
CLLS;0;0.0;0.0
CBMG;0;0.0;0.0
CLSN;0;0.0;0.0
CYAD;0;0.0;0.0
CETX;0;0.0;0.0
CFCB;0;0.0;0.0
CNBKA;0;0.0;0.0
CNTY;0;0.0;0.0
CRNT;0;0.0;0.0
CERC;0;0.0;0.0
CERCW;0;0.0;0.0
CERCZ;0;0.0;0.0
CERU;0;0.0;0.0
KOOL;0;0.0;0.0
CFCO;0;0.0;0.0
CFCOU;0;0.0;0.0
CFCOW;0;0.0;0.0
HOTR;0;0.0;0.0
HOTRW;0;0.0;0.0
CHFN;0;0.0;0.0
CHKP;0;0.0;0.0
CHEK;0;0.0;0.0
CHEKW;0;0.0;0.0
CEMI;0;0.0;0.0
CHMG;0;0.0;0.0
CHKE;0;0.0;0.0
CHMA;0;0.0;0.0
CBNK;0;0.0;0.0
PLCE;0;0.0;0.0
CADC;0;0.0;0.0
CBAK;0;0.0;0.0
CBPO;0;0.0;0.0
CCCL;0;0.0;0.0
CCRC;0;0.0;0.0
JRJC;0;0.0;0.0
HGSH;0;0.0;0.0
CNIT;0;0.0;0.0
HTHT;0;0.0;0.0
CHNR;0;0.0;0.0
CREG;0;0.0;0.0
CCIH;0;0.0;0.0
CNET;0;0.0;0.0
CHSCL;0;0.0;0.0
CHSCM;0;0.0;0.0
CHSCN;0;0.0;0.0
CHSCO;0;0.0;0.0
CHSCP;0;0.0;0.0
CHDN;0;0.0;0.0
CDTX;0;0.0;0.0
CIFC;0;0.0;0.0
CMCT;0;0.0;0.0
CPHR;0;0.0;0.0
CRUS;0;0.0;0.0
CZNC;0;0.0;0.0
CZWI;0;0.0;0.0
CZFC;0;0.0;0.0
CTXS;0;0.0;0.0
CHCO;0;0.0;0.0
CIVB;0;0.0;0.0
CDTI;0;0.0;0.0
CLNE;0;0.0;0.0
CLNT;0;0.0;0.0
CLFD;0;0.0;0.0
CLRO;0;0.0;0.0
CLSD;0;0.0;0.0
CLIR;0;0.0;0.0
CSBK;0;0.0;0.0
CLVS;0;0.0;0.0
CMFN;0;0.0;0.0
CME;0;0.0;0.0
CCNE;0;0.0;0.0
CNV;0;0.0;0.0
CWAY;0;0.0;0.0
CVLY;0;0.0;0.0
JVA;0;0.0;0.0
CCOI;0;0.0;0.0
COHR;0;0.0;0.0
CHRS;0;0.0;0.0
CLCT;0;0.0;0.0
COLL;0;0.0;0.0
CBAN;0;0.0;0.0
CLCD;0;0.0;0.0
CBMX;0;0.0;0.0
CBMXW;0;0.0;0.0
CBSHP;0;0.0;0.0
CUBN;0;0.0;0.0
CHUBA;0;0.0;0.0
CHUBK;0;0.0;0.0
CVGI;0;0.0;0.0
COMM;0;0.0;0.0
CSAL;0;0.0;0.0
JCS;0;0.0;0.0
CCFI;0;0.0;0.0
CYHHZ;0;0.0;0.0
CWBC;0;0.0;0.0
CVLT;0;0.0;0.0
CPSI;0;0.0;0.0
CTG;0;0.0;0.0
CMTL;0;0.0;0.0
CNAT;0;0.0;0.0
CNCE;0;0.0;0.0
CXRX;0;0.0;0.0
CDOR;0;0.0;0.0
CFMS;0;0.0;0.0
CONG;0;0.0;0.0
CNFR;0;0.0;0.0
CTWS;0;0.0;0.0
CNOB;0;0.0;0.0
CNXR;0;0.0;0.0
CONN;0;0.0;0.0
CNSL;0;0.0;0.0
CWCO;0;0.0;0.0
CPSS;0;0.0;0.0
CFRX;0;0.0;0.0
CFRXW;0;0.0;0.0
CTRV;0;0.0;0.0
CTRL;0;0.0;0.0
CPAA;0;0.0;0.0
CPAAU;0;0.0;0.0
CPAAW;0;0.0;0.0
CPRT;0;0.0;0.0
COYN;0;0.0;0.0
COYNW;0;0.0;0.0
CRBP;0;0.0;0.0
CORT;0;0.0;0.0
CORE;0;0.0;0.0
CSOD;0;0.0;0.0
CRVL;0;0.0;0.0
CRVS;0;0.0;0.0
COSI;0;0.0;0.0
CSGP;0;0.0;0.0
CPAH;0;0.0;0.0
ICBK;0;0.0;0.0
CVTI;0;0.0;0.0
COWN;0;0.0;0.0
COWNL;0;0.0;0.0
PMTS;0;0.0;0.0
CPSH;0;0.0;0.0
CRAI;0;0.0;0.0
BREW;0;0.0;0.0
CACC;0;0.0;0.0
GLDI;0;0.0;0.0
SLVO;0;0.0;0.0
CREE;0;0.0;0.0
CRESY;0;0.0;0.0
CRTO;0;0.0;0.0
CROX;0;0.0;0.0
CCRN;0;0.0;0.0
XRDC;0;0.0;0.0
CRWS;0;0.0;0.0
CYRXW;0;0.0;0.0
CSGS;0;0.0;0.0
CCLP;0;0.0;0.0
CSWI;0;0.0;0.0
CTIC;0;0.0;0.0
CTIB;0;0.0;0.0
CTRP;0;0.0;0.0
CUNB;0;0.0;0.0
CUI;0;0.0;0.0
CPIX;0;0.0;0.0
CMLS;0;0.0;0.0
CURM;0;0.0;0.0
CRIS;0;0.0;0.0
CVV;0;0.0;0.0
CYAN;0;0.0;0.0
CYBR;0;0.0;0.0
CYBE;0;0.0;0.0
CYCC;0;0.0;0.0
CYCCP;0;0.0;0.0
CBAY;0;0.0;0.0
CYNO;0;0.0;0.0
CONE;0;0.0;0.0
CTMX;0;0.0;0.0
CYTXW;0;0.0;0.0
CTSO;0;0.0;0.0
CYTR;0;0.0;0.0
DAKT;0;0.0;0.0
DRIO;0;0.0;0.0
DRIOW;0;0.0;0.0
DZSI;0;0.0;0.0
DAIO;0;0.0;0.0
DTLK;0;0.0;0.0
DRAM;0;0.0;0.0
DWCH;0;0.0;0.0
PLAY;0;0.0;0.0
DTEA;0;0.0;0.0
DWSN;0;0.0;0.0
DBVT;0;0.0;0.0
DFRG;0;0.0;0.0
TACO;0;0.0;0.0
TACOW;0;0.0;0.0
DCTH;0;0.0;0.0
DMPI;0;0.0;0.0
DGAS;0;0.0;0.0
DELT;0;0.0;0.0
DELTW;0;0.0;0.0
DEPO;0;0.0;0.0
DSCI;0;0.0;0.0
DERM;0;0.0;0.0
DEST;0;0.0;0.0
DXLG;0;0.0;0.0
DSWL;0;0.0;0.0
DTRM;0;0.0;0.0
DXTR;0;0.0;0.0
DHXM;0;0.0;0.0
FANG;0;0.0;0.0
DRNA;0;0.0;0.0
DFBG;0;0.0;0.0
DGII;0;0.0;0.0
DMRC;0;0.0;0.0
DRAD;0;0.0;0.0
DMTX;0;0.0;0.0
DIOD;0;0.0;0.0
DPRX;0;0.0;0.0
DISH;0;0.0;0.0
SAUC;0;0.0;0.0
DLHC;0;0.0;0.0
DNBF;0;0.0;0.0
DLTR;0;0.0;0.0
DGICA;0;0.0;0.0
DMLP;0;0.0;0.0
EAGL;0;0.0;0.0
EAGLU;0;0.0;0.0
EAGLW;0;0.0;0.0
DRWI;0;0.0;0.0
DRYS;0;0.0;0.0
DSPG;0;0.0;0.0
DLTH;0;0.0;0.0
DNKN;0;0.0;0.0
DRRX;0;0.0;0.0
BOOM;0;0.0;0.0
DYSL;0;0.0;0.0
DYNT;0;0.0;0.0
DVAX;0;0.0;0.0
EGLE;0;0.0;0.0
EGRX;0;0.0;0.0
ELNK;0;0.0;0.0
EACQ;0;0.0;0.0
EACQU;0;0.0;0.0
EACQW;0;0.0;0.0
EML;0;0.0;0.0
EVBS;0;0.0;0.0
EVGBC;0;0.0;0.0
EVSTC;0;0.0;0.0
EVLMC;0;0.0;0.0
EBAYL;0;0.0;0.0
EBIX;0;0.0;0.0
ELON;0;0.0;0.0
ECHO;0;0.0;0.0
ECAC;0;0.0;0.0
ECACR;0;0.0;0.0
ECACU;0;0.0;0.0
EDAP;0;0.0;0.0
EDGE;0;0.0;0.0
EDGW;0;0.0;0.0
EDIT;0;0.0;0.0
EFUT;0;0.0;0.0
EGAN;0;0.0;0.0
EHTH;0;0.0;0.0
EIGR;0;0.0;0.0
EMITF;0;0.0;0.0
ESLT;0;0.0;0.0
ERI;0;0.0;0.0
ESIO;0;0.0;0.0
EA;0;0.0;0.0
ELEC;0;0.0;0.0
ELECU;0;0.0;0.0
ELECW;0;0.0;0.0
DWAC;0;0.0;0.0
CAPX;0;0.0;0.0
ESBK;0;0.0;0.0
ELTK;0;0.0;0.0
EMCF;0;0.0;0.0
EMKR;0;0.0;0.0
EMMS;0;0.0;0.0
NYNY;0;0.0;0.0
ERS;0;0.0;0.0
ECPG;0;0.0;0.0
WIRE;0;0.0;0.0
ENDP;0;0.0;0.0
ECYT;0;0.0;0.0
ELGX;0;0.0;0.0
WATT;0;0.0;0.0
EFOI;0;0.0;0.0
ERII;0;0.0;0.0
ENOC;0;0.0;0.0
ESGR;0;0.0;0.0
ENFC;0;0.0;0.0
ENTL;0;0.0;0.0
EBTC;0;0.0;0.0
EFSC;0;0.0;0.0
EGT;0;0.0;0.0
"ENZY          ";0;0.0;0.0
EPIQ;0;0.0;0.0
PLUS;0;0.0;0.0
EQFN;0;0.0;0.0
EQBK;0;0.0;0.0
"EAC           ";0;0.0;0.0
ERIC;0;0.0;0.0
ERIE;0;0.0;0.0
ESCA;0;0.0;0.0
ESPR;0;0.0;0.0
ESSA;0;0.0;0.0
EPIX;0;0.0;0.0
ESSF;0;0.0;0.0
ETSY;0;0.0;0.0
CLWT;0;0.0;0.0
EEFT;0;0.0;0.0
ESEA;0;0.0;0.0
EVEP;0;0.0;0.0
EVBG;0;0.0;0.0
EVK;0;0.0;0.0
EVLV;0;0.0;0.0
EVOK;0;0.0;0.0
EXA;0;0.0;0.0
EXAC;0;0.0;0.0
EXFO;0;0.0;0.0
EXPE;0;0.0;0.0
ESRX;0;0.0;0.0
EXTR;0;0.0;0.0
EYEG;0;0.0;0.0
EYEGW;0;0.0;0.0
FFIV;0;0.0;0.0
FB;0;0.0;0.0
FRP;0;0.0;0.0
FALC;0;0.0;0.0
FARM;0;0.0;0.0
FFKT;0;0.0;0.0
FMNB;0;0.0;0.0
FATE;0;0.0;0.0
FBSS;0;0.0;0.0
FBRC;0;0.0;0.0
FNHC;0;0.0;0.0
FHCO;0;0.0;0.0
FENX;0;0.0;0.0
GSM;0;0.0;0.0
FCSC;0;0.0;0.0
FDUS;0;0.0;0.0
FSC;0;0.0;0.0
FSCFL;0;0.0;0.0
FSFR;0;0.0;0.0
FITBI;0;0.0;0.0
FNGN;0;0.0;0.0
FBNC;0;0.0;0.0
FNLC;0;0.0;0.0
FRBA;0;0.0;0.0
FBIZ;0;0.0;0.0
FCFS;0;0.0;0.0
FCNCA;0;0.0;0.0
FCCO;0;0.0;0.0
FCFP;0;0.0;0.0
FDEF;0;0.0;0.0
FFNW;0;0.0;0.0
FFWM;0;0.0;0.0
FGBI;0;0.0;0.0
FHB;0;0.0;0.0
INBK;0;0.0;0.0
FNWB;0;0.0;0.0
FSBK;0;0.0;0.0
FAAR;0;0.0;0.0
BICK;0;0.0;0.0
FDTS;0;0.0;0.0
FVC;0;0.0;0.0
FTSM;0;0.0;0.0
FTGC;0;0.0;0.0
FTHI;0;0.0;0.0
HYLS;0;0.0;0.0
FPXI;0;0.0;0.0
YDIV;0;0.0;0.0
FTLB;0;0.0;0.0
FMB;0;0.0;0.0
MDIV;0;0.0;0.0
FTXO;0;0.0;0.0
GRID;0;0.0;0.0
CIBR;0;0.0;0.0
FTXG;0;0.0;0.0
FTXN;0;0.0;0.0
FTXH;0;0.0;0.0
FTXD;0;0.0;0.0
FTXL;0;0.0;0.0
FTXR;0;0.0;0.0
RFAP;0;0.0;0.0
RFDI;0;0.0;0.0
RFEM;0;0.0;0.0
RFEU;0;0.0;0.0
FTSL;0;0.0;0.0
FCVT;0;0.0;0.0
FTW;0;0.0;0.0
TUSA;0;0.0;0.0
SVVC;0;0.0;0.0
FSV;0;0.0;0.0
FIVE;0;0.0;0.0
FPRX;0;0.0;0.0
FVE;0;0.0;0.0
FIVN;0;0.0;0.0
FLML;0;0.0;0.0
FLKS;0;0.0;0.0
FLXN;0;0.0;0.0
LKOR;0;0.0;0.0
MBSD;0;0.0;0.0
ASET;0;0.0;0.0
ESGG;0;0.0;0.0
ESG;0;0.0;0.0
QLC;0;0.0;0.0
FLXS;0;0.0;0.0
FOGO;0;0.0;0.0
FONR;0;0.0;0.0
FH;0;0.0;0.0
FORM;0;0.0;0.0
FORTY;0;0.0;0.0
FORR;0;0.0;0.0
FBIO;0;0.0;0.0
FORD;0;0.0;0.0
FWP;0;0.0;0.0
FRED;0;0.0;0.0
RAIL;0;0.0;0.0
FRPT;0;0.0;0.0
FTEO;0;0.0;0.0
FTRPR;0;0.0;0.0
FRPH;0;0.0;0.0
FSBW;0;0.0;0.0
FTEK;0;0.0;0.0
FCEL;0;0.0;0.0
FORK;0;0.0;0.0
FULL;0;0.0;0.0
FLL;0;0.0;0.0
FMAX;0;0.0;0.0
FNCX;0;0.0;0.0
WILC;0;0.0;0.0
GAIA;0;0.0;0.0
GLPG;0;0.0;0.0
GALT;0;0.0;0.0
GALTW;0;0.0;0.0
GLMD;0;0.0;0.0
GLPI;0;0.0;0.0
GPIC;0;0.0;0.0
GRMN;0;0.0;0.0
GARS;0;0.0;0.0
GCTS;0;0.0;0.0
GEMP;0;0.0;0.0
GENC;0;0.0;0.0
GNCMA;0;0.0;0.0
GFN;0;0.0;0.0
GFNCP;0;0.0;0.0
GFNSL;0;0.0;0.0
GNCA;0;0.0;0.0
GHDX;0;0.0;0.0
GNST;0;0.0;0.0
GTWN;0;0.0;0.0
GEVO;0;0.0;0.0
ROCK;0;0.0;0.0
GIGM;0;0.0;0.0
GIGA;0;0.0;0.0
GIII;0;0.0;0.0
GILT;0;0.0;0.0
GLAD;0;0.0;0.0
GLADO;0;0.0;0.0
GOOD;0;0.0;0.0
GOODM;0;0.0;0.0
GOODO;0;0.0;0.0
GOODP;0;0.0;0.0
GAIN;0;0.0;0.0
GAINN;0;0.0;0.0
GAINO;0;0.0;0.0
GAINP;0;0.0;0.0
LAND;0;0.0;0.0
LANDP;0;0.0;0.0
GLBZ;0;0.0;0.0
GBT;0;0.0;0.0
GBLI;0;0.0;0.0
GBLIZ;0;0.0;0.0
GPAC;0;0.0;0.0
GPACU;0;0.0;0.0
GPACW;0;0.0;0.0
SELF;0;0.0;0.0
GSOL;0;0.0;0.0
GWRS;0;0.0;0.0
KRMA;0;0.0;0.0
FINX;0;0.0;0.0
ACTX;0;0.0;0.0
BFIT;0;0.0;0.0
SNSR;0;0.0;0.0
LNGR;0;0.0;0.0
MILN;0;0.0;0.0
BOTZ;0;0.0;0.0
CATH;0;0.0;0.0
ALTY;0;0.0;0.0
SRET;0;0.0;0.0
YLCO;0;0.0;0.0
GLBS;0;0.0;0.0
GLRI;0;0.0;0.0
GLUU;0;0.0;0.0
GLYC;0;0.0;0.0
GOGO;0;0.0;0.0
GMLP;0;0.0;0.0
GLDC;0;0.0;0.0
GDEN;0;0.0;0.0
GOGL;0;0.0;0.0
GBDC;0;0.0;0.0
GTIM;0;0.0;0.0
GPRO;0;0.0;0.0
GMAN;0;0.0;0.0
GRSH;0;0.0;0.0
GRSHU;0;0.0;0.0
GRSHW;0;0.0;0.0
GOVNI;0;0.0;0.0
GPIA;0;0.0;0.0
GPIAU;0;0.0;0.0
GPIAW;0;0.0;0.0
LOPE;0;0.0;0.0
GBSN;0;0.0;0.0
GEC;0;0.0;0.0
GLDD;0;0.0;0.0
GNBC;0;0.0;0.0
GRBK;0;0.0;0.0
GPP;0;0.0;0.0
GPRE;0;0.0;0.0
GLRE;0;0.0;0.0
GSUM;0;0.0;0.0
GRIF;0;0.0;0.0
GRFS;0;0.0;0.0
GRPN;0;0.0;0.0
OMAB;0;0.0;0.0
GSIT;0;0.0;0.0
GSVC;0;0.0;0.0
GFED;0;0.0;0.0
GUID;0;0.0;0.0
GURE;0;0.0;0.0
GPOR;0;0.0;0.0
GWPH;0;0.0;0.0
GWGH;0;0.0;0.0
GYRO;0;0.0;0.0
HLG;0;0.0;0.0
HNRG;0;0.0;0.0
HALO;0;0.0;0.0
HBK;0;0.0;0.0
HBHCL;0;0.0;0.0
HNH;0;0.0;0.0
HQCL;0;0.0;0.0
HONE;0;0.0;0.0
HDNG;0;0.0;0.0
HLIT;0;0.0;0.0
HRMN;0;0.0;0.0
HRMNU;0;0.0;0.0
HRMNW;0;0.0;0.0
HBIO;0;0.0;0.0
HCAP;0;0.0;0.0
HCAPL;0;0.0;0.0
HAS;0;0.0;0.0
HA;0;0.0;0.0
HCOM;0;0.0;0.0
HWKN;0;0.0;0.0
HWBK;0;0.0;0.0
HAYN;0;0.0;0.0
HIIQ;0;0.0;0.0
HCSG;0;0.0;0.0
HQY;0;0.0;0.0
HSTM;0;0.0;0.0
HWAY;0;0.0;0.0
HTBX;0;0.0;0.0
HSII;0;0.0;0.0
HMNY;0;0.0;0.0
HMTV;0;0.0;0.0
HNNA;0;0.0;0.0
HCAC;0;0.0;0.0
HCACU;0;0.0;0.0
HCACW;0;0.0;0.0
HFWA;0;0.0;0.0
HEOP;0;0.0;0.0
HCCI;0;0.0;0.0
MLHR;0;0.0;0.0
HRTX;0;0.0;0.0
HSKA;0;0.0;0.0
HIBB;0;0.0;0.0
HIHO;0;0.0;0.0
HIMX;0;0.0;0.0
HIFS;0;0.0;0.0
HMSY;0;0.0;0.0
HOLI;0;0.0;0.0
HFBL;0;0.0;0.0
HMST;0;0.0;0.0
HTBI;0;0.0;0.0
CETC;0;0.0;0.0
HOFT;0;0.0;0.0
HFBC;0;0.0;0.0
HBNC;0;0.0;0.0
HZNP;0;0.0;0.0
HRZN;0;0.0;0.0
HDP;0;0.0;0.0
HPTRP;0;0.0;0.0
HMHC;0;0.0;0.0
HWCC;0;0.0;0.0
HBMD;0;0.0;0.0
HSNI;0;0.0;0.0
HTGM;0;0.0;0.0
HSON;0;0.0;0.0
HDSN;0;0.0;0.0
HBANN;0;0.0;0.0
HBANO;0;0.0;0.0
HBANP;0;0.0;0.0
HURN;0;0.0;0.0
HCM;0;0.0;0.0
HBP;0;0.0;0.0
HDRAR;0;0.0;0.0
HDRAU;0;0.0;0.0
HDRAW;0;0.0;0.0
HYGS;0;0.0;0.0
IDSY;0;0.0;0.0
IKGH;0;0.0;0.0
IBKCO;0;0.0;0.0
IBKCP;0;0.0;0.0
ICAD;0;0.0;0.0
IEP;0;0.0;0.0
ICLR;0;0.0;0.0
ICON;0;0.0;0.0
ICUI;0;0.0;0.0
IPWR;0;0.0;0.0
IDRA;0;0.0;0.0
IDXX;0;0.0;0.0
IESC;0;0.0;0.0
IRG;0;0.0;0.0
RXDX;0;0.0;0.0
INFO;0;0.0;0.0
KANG;0;0.0;0.0
ISNS;0;0.0;0.0
ICCC;0;0.0;0.0
IMDZ;0;0.0;0.0
"IMNP          ";0;0.0;0.0
IMMU;0;0.0;0.0
IPXL;0;0.0;0.0
PI;0;0.0;0.0
IMMY;0;0.0;0.0
SAAS;0;0.0;0.0
IBTX;0;0.0;0.0
IDSA;0;0.0;0.0
INFN;0;0.0;0.0
INFI;0;0.0;0.0
III;0;0.0;0.0
IMKTA;0;0.0;0.0
INNL;0;0.0;0.0
IOSP;0;0.0;0.0
ISSC;0;0.0;0.0
INVA;0;0.0;0.0
INGN;0;0.0;0.0
ITEK;0;0.0;0.0
INOV;0;0.0;0.0
NSIT;0;0.0;0.0
INSM;0;0.0;0.0
IIIN;0;0.0;0.0
PODD;0;0.0;0.0
INSY;0;0.0;0.0
NTEC;0;0.0;0.0
IQNT;0;0.0;0.0
NTLA;0;0.0;0.0
IPCI;0;0.0;0.0
ININ;0;0.0;0.0
ICPT;0;0.0;0.0
IDCC;0;0.0;0.0
TILE;0;0.0;0.0
LINK;0;0.0;0.0
IMI;0;0.0;0.0
INAP;0;0.0;0.0
IGLD;0;0.0;0.0
IIJI;0;0.0;0.0
IDXG;0;0.0;0.0
INTX;0;0.0;0.0
IILG;0;0.0;0.0
INTL;0;0.0;0.0
ITCI;0;0.0;0.0
IIN;0;0.0;0.0
ISRG;0;0.0;0.0
INVT;0;0.0;0.0
SNAK;0;0.0;0.0
ITIC;0;0.0;0.0
NVIV;0;0.0;0.0
IVTY;0;0.0;0.0
IONS;0;0.0;0.0
IPAS;0;0.0;0.0
DFVS;0;0.0;0.0
FLAT;0;0.0;0.0
STPP;0;0.0;0.0
IPGP;0;0.0;0.0
IRIX;0;0.0;0.0
IRDMB;0;0.0;0.0
IRCP;0;0.0;0.0
PMPT;0;0.0;0.0
SLQD;0;0.0;0.0
FALN;0;0.0;0.0
GNMA;0;0.0;0.0
HYXE;0;0.0;0.0
ESGD;0;0.0;0.0
ESGE;0;0.0;0.0
MPCT;0;0.0;0.0
ENZL;0;0.0;0.0
UAE;0;0.0;0.0
ISLE;0;0.0;0.0
ISRL;0;0.0;0.0
ITRI;0;0.0;0.0
ITRN;0;0.0;0.0
XXIA;0;0.0;0.0
IZEA;0;0.0;0.0
MAYS;0;0.0;0.0
JASO;0;0.0;0.0
JACK;0;0.0;0.0
JAGX;0;0.0;0.0
JAKK;0;0.0;0.0
JMBA;0;0.0;0.0
JRVR;0;0.0;0.0
JSML;0;0.0;0.0
JSMD;0;0.0;0.0
JASN;0;0.0;0.0
JASNW;0;0.0;0.0
JSYN;0;0.0;0.0
JSYNR;0;0.0;0.0
JSYNU;0;0.0;0.0
JSYNW;0;0.0;0.0
JBLU;0;0.0;0.0
JTPY;0;0.0;0.0
JIVE;0;0.0;0.0
WYIG;0;0.0;0.0
WYIGU;0;0.0;0.0
WYIGW;0;0.0;0.0
JOUT;0;0.0;0.0
JUNO;0;0.0;0.0
KTWO;0;0.0;0.0
KALU;0;0.0;0.0
KNDI;0;0.0;0.0
KPTI;0;0.0;0.0
KCAP;0;0.0;0.0
KRNY;0;0.0;0.0
KELYA;0;0.0;0.0
KMPH;0;0.0;0.0
KERX;0;0.0;0.0
KEQU;0;0.0;0.0
KTEC;0;0.0;0.0
KTCC;0;0.0;0.0
KFRC;0;0.0;0.0
KBAL;0;0.0;0.0
KIN;0;0.0;0.0
KGJI;0;0.0;0.0
KONE;0;0.0;0.0
KNSL;0;0.0;0.0
KIRK;0;0.0;0.0
KITE;0;0.0;0.0
KTOV;0;0.0;0.0
KTOVW;0;0.0;0.0
KLRE;0;0.0;0.0
KLREU;0;0.0;0.0
KLREW;0;0.0;0.0
KONA;0;0.0;0.0
KZ;0;0.0;0.0
KRNT;0;0.0;0.0
KLIC;0;0.0;0.0
KURA;0;0.0;0.0
LSBK;0;0.0;0.0
LSBG;0;0.0;0.0
LAKE;0;0.0;0.0
LRCX;0;0.0;0.0
LANC;0;0.0;0.0
LCA;0;0.0;0.0
LCAHU;0;0.0;0.0
LCAHW;0;0.0;0.0
LNDC;0;0.0;0.0
LARK;0;0.0;0.0
LMRK;0;0.0;0.0
LMRKO;0;0.0;0.0
LMRKP;0;0.0;0.0
LE;0;0.0;0.0
LSTR;0;0.0;0.0
LNTH;0;0.0;0.0
LSCC;0;0.0;0.0
LAYN;0;0.0;0.0
LCNB;0;0.0;0.0
LBIX;0;0.0;0.0
LGCY;0;0.0;0.0
DDBI;0;0.0;0.0
EDBI;0;0.0;0.0
LVHD;0;0.0;0.0
UDBI;0;0.0;0.0
LMAT;0;0.0;0.0
TREE;0;0.0;0.0
LXRX;0;0.0;0.0
LHCG;0;0.0;0.0
LILA;0;0.0;0.0
LILAK;0;0.0;0.0
LVNTB;0;0.0;0.0
QVCA;0;0.0;0.0
BATRA;0;0.0;0.0
BATRK;0;0.0;0.0
LSXMA;0;0.0;0.0
LSXMB;0;0.0;0.0
LSXMK;0;0.0;0.0
TAX;0;0.0;0.0
LTRPA;0;0.0;0.0
LTRPB;0;0.0;0.0
LPNT;0;0.0;0.0
LCUT;0;0.0;0.0
LFVN;0;0.0;0.0
LTBR;0;0.0;0.0
LPTH;0;0.0;0.0
LLNW;0;0.0;0.0
LMNR;0;0.0;0.0
LINC;0;0.0;0.0
LECO;0;0.0;0.0
LINDW;0;0.0;0.0
LBIO;0;0.0;0.0
LIOX;0;0.0;0.0
LPCN;0;0.0;0.0
LQDT;0;0.0;0.0
LIVN;0;0.0;0.0
LOB;0;0.0;0.0
LIVE;0;0.0;0.0
LPSN;0;0.0;0.0
LKQ;0;0.0;0.0
LMFA;0;0.0;0.0
LMFAW;0;0.0;0.0
LOGI;0;0.0;0.0
EVAR;0;0.0;0.0
CNCR;0;0.0;0.0
LONE;0;0.0;0.0
LORL;0;0.0;0.0
LOXO;0;0.0;0.0
LPTN;0;0.0;0.0
LPLA;0;0.0;0.0
LRAD;0;0.0;0.0
LULU;0;0.0;0.0
LITE;0;0.0;0.0
LMNX;0;0.0;0.0
LMOS;0;0.0;0.0
MBTF;0;0.0;0.0
MACQU;0;0.0;0.0
MIII;0;0.0;0.0
MIIIU;0;0.0;0.0
MIIIW;0;0.0;0.0
MBVX;0;0.0;0.0
MFNC;0;0.0;0.0
MTSI;0;0.0;0.0
MCUR;0;0.0;0.0
MGNX;0;0.0;0.0
MAGS;0;0.0;0.0
MGLN;0;0.0;0.0
MGIC;0;0.0;0.0
CALL;0;0.0;0.0
MNGA;0;0.0;0.0
MGYR;0;0.0;0.0
MHLD;0;0.0;0.0
COOL;0;0.0;0.0
MMYT;0;0.0;0.0
MBUU;0;0.0;0.0
MLVF;0;0.0;0.0
LOAN;0;0.0;0.0
MNTX;0;0.0;0.0
MTEX;0;0.0;0.0
MNKD;0;0.0;0.0
MAPI;0;0.0;0.0
MARA;0;0.0;0.0
MCHX;0;0.0;0.0
MARPS;0;0.0;0.0
MRNS;0;0.0;0.0
MRLN;0;0.0;0.0
MBII;0;0.0;0.0
MRTN;0;0.0;0.0
MMLP;0;0.0;0.0
MRVL;0;0.0;0.0
MTCH;0;0.0;0.0
MATN;0;0.0;0.0
MTLS;0;0.0;0.0
MTRX;0;0.0;0.0
MAT;0;0.0;0.0
MATR;0;0.0;0.0
MXPT;0;0.0;0.0
MZOR;0;0.0;0.0
MBFIP;0;0.0;0.0
MCFT;0;0.0;0.0
MGRC;0;0.0;0.0
MFINL;0;0.0;0.0
MTBC;0;0.0;0.0
MTBCP;0;0.0;0.0
MNOV;0;0.0;0.0
MDSO;0;0.0;0.0
MDGS;0;0.0;0.0
MDVN;0;0.0;0.0
MDWD;0;0.0;0.0
MDVX;0;0.0;0.0
MDVXW;0;0.0;0.0
MEDP;0;0.0;0.0
MEET;0;0.0;0.0
MEIP;0;0.0;0.0
MPEL;0;0.0;0.0
MLNX;0;0.0;0.0
MELR;0;0.0;0.0
MELI;0;0.0;0.0
MERC;0;0.0;0.0
MBVT;0;0.0;0.0
MRCY;0;0.0;0.0
EBSB;0;0.0;0.0
VIVO;0;0.0;0.0
MMSI;0;0.0;0.0
MACK;0;0.0;0.0
MSLI;0;0.0;0.0
MRUS;0;0.0;0.0
MESO;0;0.0;0.0
CASH;0;0.0;0.0
MBLX;0;0.0;0.0
MFRI;0;0.0;0.0
MGCD;0;0.0;0.0
MGPI;0;0.0;0.0
MU;0;0.0;0.0
MICT;0;0.0;0.0
MPB;0;0.0;0.0
MTP;0;0.0;0.0
MBRG;0;0.0;0.0
MSEX;0;0.0;0.0
MSBI;0;0.0;0.0
MOFG;0;0.0;0.0
MIME;0;0.0;0.0
MNDO;0;0.0;0.0
MB;0;0.0;0.0
NERV;0;0.0;0.0
MRTX;0;0.0;0.0
MIRN;0;0.0;0.0
MSON;0;0.0;0.0
MIND;0;0.0;0.0
MINDP;0;0.0;0.0
MITK;0;0.0;0.0
MINI;0;0.0;0.0
MOBL;0;0.0;0.0
MOCO;0;0.0;0.0
MLNK;0;0.0;0.0
MBRX;0;0.0;0.0
MNTA;0;0.0;0.0
MOMO;0;0.0;0.0
MCRI;0;0.0;0.0
MDLZ;0;0.0;0.0
MGI;0;0.0;0.0
TYPE;0;0.0;0.0
MNRO;0;0.0;0.0
MRCC;0;0.0;0.0
MSDI;0;0.0;0.0
MSDIW;0;0.0;0.0
MHGC;0;0.0;0.0
MTFB;0;0.0;0.0
MPAA;0;0.0;0.0
MDM;0;0.0;0.0
MRIC;0;0.0;0.0
MRVC;0;0.0;0.0
MSBF;0;0.0;0.0
MSG;0;0.0;0.0
MTSC;0;0.0;0.0
LABL;0;0.0;0.0
MFSF;0;0.0;0.0
MYSZ;0;0.0;0.0
MYL;0;0.0;0.0
MYOK;0;0.0;0.0
MYOS;0;0.0;0.0
MYGN;0;0.0;0.0
NBRV;0;0.0;0.0
NAKD;0;0.0;0.0
NNDM;0;0.0;0.0
NSTG;0;0.0;0.0
NH;0;0.0;0.0
NK;0;0.0;0.0
NTRA;0;0.0;0.0
NATH;0;0.0;0.0
NAUH;0;0.0;0.0
NCMI;0;0.0;0.0
NCOM;0;0.0;0.0
NGHCN;0;0.0;0.0
NGHCO;0;0.0;0.0
NGHCP;0;0.0;0.0
NGHCZ;0;0.0;0.0
NHLD;0;0.0;0.0
NATL;0;0.0;0.0
NRCIA;0;0.0;0.0
NSEC;0;0.0;0.0
NWLI;0;0.0;0.0
NAII;0;0.0;0.0
NHTC;0;0.0;0.0
NATR;0;0.0;0.0
NBCP;0;0.0;0.0
NCIT;0;0.0;0.0
NEOG;0;0.0;0.0
NEO;0;0.0;0.0
NEOS;0;0.0;0.0
NVCN;0;0.0;0.0
NEPT;0;0.0;0.0
UEPS;0;0.0;0.0
NETE;0;0.0;0.0
NTAP;0;0.0;0.0
NFLX;0;0.0;0.0
NTGR;0;0.0;0.0
NLST;0;0.0;0.0
NTCT;0;0.0;0.0
NTWK;0;0.0;0.0
CUR;0;0.0;0.0
NURO;0;0.0;0.0
NUROW;0;0.0;0.0
NYMT;0;0.0;0.0
NYMTO;0;0.0;0.0
NYMTP;0;0.0;0.0
NEWS;0;0.0;0.0
NEWT;0;0.0;0.0
NEWTL;0;0.0;0.0
NEWTZ;0;0.0;0.0
NXEOU;0;0.0;0.0
NXEOW;0;0.0;0.0
NXST;0;0.0;0.0
NVET;0;0.0;0.0
EGOV;0;0.0;0.0
NICE;0;0.0;0.0
NICK;0;0.0;0.0
NCBS;0;0.0;0.0
NIHD;0;0.0;0.0
NVLS;0;0.0;0.0
NMIH;0;0.0;0.0
NNBR;0;0.0;0.0
NDLS;0;0.0;0.0
NDSN;0;0.0;0.0
NSYS;0;0.0;0.0
NTIC;0;0.0;0.0
NTRSP;0;0.0;0.0
NWBI;0;0.0;0.0
NWBO;0;0.0;0.0
NWBOW;0;0.0;0.0
NWPX;0;0.0;0.0
NCLH;0;0.0;0.0
NVFY;0;0.0;0.0
NVDQ;0;0.0;0.0
NOVN;0;0.0;0.0
MIFI;0;0.0;0.0
NVCR;0;0.0;0.0
NVGN;0;0.0;0.0
NMRX;0;0.0;0.0
NUTR;0;0.0;0.0
NTRI;0;0.0;0.0
NVTR;0;0.0;0.0
NVEE;0;0.0;0.0
NVEC;0;0.0;0.0
NXTM;0;0.0;0.0
NXTD;0;0.0;0.0
NXTDW;0;0.0;0.0
NYMX;0;0.0;0.0
OIIM;0;0.0;0.0
OVLY;0;0.0;0.0
OASM;0;0.0;0.0
OPTT;0;0.0;0.0
ORIG;0;0.0;0.0
OSHC;0;0.0;0.0
OCFC;0;0.0;0.0
OCRX;0;0.0;0.0
OCUL;0;0.0;0.0
OCLS;0;0.0;0.0
OCLSW;0;0.0;0.0
ODP;0;0.0;0.0
OHAI;0;0.0;0.0
OVBC;0;0.0;0.0
OHRP;0;0.0;0.0
ODFL;0;0.0;0.0
OLBK;0;0.0;0.0
OPOF;0;0.0;0.0
OSBC;0;0.0;0.0
OSBCP;0;0.0;0.0
OLLI;0;0.0;0.0
OFLX;0;0.0;0.0
OMER;0;0.0;0.0
OTIV;0;0.0;0.0
ONS;0;0.0;0.0
ONSIW;0;0.0;0.0
ONSIZ;0;0.0;0.0
OGXI;0;0.0;0.0
ONTXW;0;0.0;0.0
OHGI;0;0.0;0.0
ONVI;0;0.0;0.0
OPXAW;0;0.0;0.0
OPGN;0;0.0;0.0
OPGNW;0;0.0;0.0
OPK;0;0.0;0.0
OCC;0;0.0;0.0
OPHC;0;0.0;0.0
OPB;0;0.0;0.0
ORMP;0;0.0;0.0
OSUR;0;0.0;0.0
ORBK;0;0.0;0.0
ORLY;0;0.0;0.0
OREX;0;0.0;0.0
ONVO;0;0.0;0.0
OACQ;0;0.0;0.0
OACQR;0;0.0;0.0
OACQU;0;0.0;0.0
OACQW;0;0.0;0.0
OESX;0;0.0;0.0
ORIT;0;0.0;0.0
ORRF;0;0.0;0.0
OFIX;0;0.0;0.0
OSIR;0;0.0;0.0
OSN;0;0.0;0.0
OTEL;0;0.0;0.0
OTG;0;0.0;0.0
OTIC;0;0.0;0.0
OTTR;0;0.0;0.0
OUTR;0;0.0;0.0
OVAS;0;0.0;0.0
OSTK;0;0.0;0.0
OXBR;0;0.0;0.0
OXBRW;0;0.0;0.0
OXFD;0;0.0;0.0
OXLC;0;0.0;0.0
OXLCN;0;0.0;0.0
PFIN;0;0.0;0.0
PACE;0;0.0;0.0
PACEU;0;0.0;0.0
PACEW;0;0.0;0.0
PCBK;0;0.0;0.0
PEIX;0;0.0;0.0
PMBC;0;0.0;0.0
PPBI;0;0.0;0.0
PAAC;0;0.0;0.0
PAACR;0;0.0;0.0
PAACU;0;0.0;0.0
PAACW;0;0.0;0.0
PCRX;0;0.0;0.0
PACW;0;0.0;0.0
PNRA;0;0.0;0.0
PANL;0;0.0;0.0
FRSH;0;0.0;0.0
PBNC;0;0.0;0.0
PRTK;0;0.0;0.0
PRXL;0;0.0;0.0
PCYG;0;0.0;0.0
PKBK;0;0.0;0.0
PRKR;0;0.0;0.0
PKOH;0;0.0;0.0
PARN;0;0.0;0.0
PTNR;0;0.0;0.0
PBHC;0;0.0;0.0
PATI;0;0.0;0.0
PEGI;0;0.0;0.0
PAVM;0;0.0;0.0
PAVMW;0;0.0;0.0
PCTY;0;0.0;0.0
PYDS;0;0.0;0.0
PYPL;0;0.0;0.0
CNXN;0;0.0;0.0
PCMI;0;0.0;0.0
PCTI;0;0.0;0.0
PDFS;0;0.0;0.0
PDLI;0;0.0;0.0
PDVW;0;0.0;0.0
SKIS;0;0.0;0.0
PGC;0;0.0;0.0
PEGA;0;0.0;0.0
PCO;0;0.0;0.0
PFLT;0;0.0;0.0
PWOD;0;0.0;0.0
PTXP;0;0.0;0.0
PEBO;0;0.0;0.0
PEBK;0;0.0;0.0
PFBX;0;0.0;0.0
PFIS;0;0.0;0.0
PUB;0;0.0;0.0
PRCP;0;0.0;0.0
PPHM;0;0.0;0.0
PPHMP;0;0.0;0.0
PFMT;0;0.0;0.0
PERF;0;0.0;0.0
PERI;0;0.0;0.0
PESI;0;0.0;0.0
PTX;0;0.0;0.0
PERY;0;0.0;0.0
PETS;0;0.0;0.0
PFSW;0;0.0;0.0
PGTI;0;0.0;0.0
PZRX;0;0.0;0.0
PHII;0;0.0;0.0
PHIIK;0;0.0;0.0
PAHC;0;0.0;0.0
PHMD;0;0.0;0.0
PLAB;0;0.0;0.0
PICO;0;0.0;0.0
PIRS;0;0.0;0.0
PME;0;0.0;0.0
PNK;0;0.0;0.0
PPSI;0;0.0;0.0
PXLW;0;0.0;0.0
PLXS;0;0.0;0.0
PLUG;0;0.0;0.0
PLBC;0;0.0;0.0
PSTI;0;0.0;0.0
PLXP;0;0.0;0.0
PMV;0;0.0;0.0
PCOM;0;0.0;0.0
PLCM;0;0.0;0.0
POOL;0;0.0;0.0
POPE;0;0.0;0.0
BPOPM;0;0.0;0.0
BPOPN;0;0.0;0.0
PBIB;0;0.0;0.0
PBPB;0;0.0;0.0
PCH;0;0.0;0.0
POWL;0;0.0;0.0
PSIX;0;0.0;0.0
PDBC;0;0.0;0.0
DWLV;0;0.0;0.0
DWIN;0;0.0;0.0
DWTR;0;0.0;0.0
IDLB;0;0.0;0.0
PAGG;0;0.0;0.0
LDRI;0;0.0;0.0
LALT;0;0.0;0.0
USLB;0;0.0;0.0
VRIG;0;0.0;0.0
PRAA;0;0.0;0.0
PRAN;0;0.0;0.0
PLPC;0;0.0;0.0
PFBI;0;0.0;0.0
PINC;0;0.0;0.0
LENS;0;0.0;0.0
PBMD;0;0.0;0.0
PNRG;0;0.0;0.0
PRMW;0;0.0;0.0
PRIM;0;0.0;0.0
BTEC;0;0.0;0.0
GENY;0;0.0;0.0
PSET;0;0.0;0.0
PY;0;0.0;0.0
PSC;0;0.0;0.0
PVTBP;0;0.0;0.0
PDEX;0;0.0;0.0
IPDN;0;0.0;0.0
PFIE;0;0.0;0.0
PGNX;0;0.0;0.0
DNAI;0;0.0;0.0
PRPH;0;0.0;0.0
PRQR;0;0.0;0.0
UBIO;0;0.0;0.0
ZBIO;0;0.0;0.0
BIS;0;0.0;0.0
PSEC;0;0.0;0.0
PTGX;0;0.0;0.0
PRTO;0;0.0;0.0
PTI;0;0.0;0.0
PRTA;0;0.0;0.0
PWX;0;0.0;0.0
PVBC;0;0.0;0.0
PROV;0;0.0;0.0
PBIP;0;0.0;0.0
PSDV;0;0.0;0.0
PMD;0;0.0;0.0
PTCT;0;0.0;0.0
PLSE;0;0.0;0.0
PCYO;0;0.0;0.0
IMED;0;0.0;0.0
FINQ;0;0.0;0.0
PXS;0;0.0;0.0
QADA;0;0.0;0.0
QADB;0;0.0;0.0
QIWI;0;0.0;0.0
QLTI;0;0.0;0.0
QRVO;0;0.0;0.0
QLYS;0;0.0;0.0
QRHC;0;0.0;0.0
QUIK;0;0.0;0.0
QDEL;0;0.0;0.0
QPAC;0;0.0;0.0
QPACU;0;0.0;0.0
QPACW;0;0.0;0.0
QUMU;0;0.0;0.0
QUNR;0;0.0;0.0
QTNT;0;0.0;0.0
RRD;0;0.0;0.0
RADA;0;0.0;0.0
RDCM;0;0.0;0.0
RSYS;0;0.0;0.0
RMBS;0;0.0;0.0
RLOG;0;0.0;0.0
RNDB;0;0.0;0.0
RPD;0;0.0;0.0
RPTP;0;0.0;0.0
RAVN;0;0.0;0.0
ROLL;0;0.0;0.0
TALL;0;0.0;0.0
RDI;0;0.0;0.0
RDIB;0;0.0;0.0
RGSE;0;0.0;0.0
RELY;0;0.0;0.0
RP;0;0.0;0.0
RETA;0;0.0;0.0
UTES;0;0.0;0.0
RCON;0;0.0;0.0
REPH;0;0.0;0.0
RRGB;0;0.0;0.0
RRR;0;0.0;0.0
RDHL;0;0.0;0.0
RGNX;0;0.0;0.0
RGLS;0;0.0;0.0
REIS;0;0.0;0.0
RELV;0;0.0;0.0
MARK;0;0.0;0.0
RNVA;0;0.0;0.0
RNVAZ;0;0.0;0.0
RCII;0;0.0;0.0
FRBK;0;0.0;0.0
RSAS;0;0.0;0.0
REFR;0;0.0;0.0
RESN;0;0.0;0.0
RECN;0;0.0;0.0
ROIC;0;0.0;0.0
SALE;0;0.0;0.0
RBIO;0;0.0;0.0
RVLT;0;0.0;0.0
RWLK;0;0.0;0.0
REXX;0;0.0;0.0
RFIL;0;0.0;0.0
RGCO;0;0.0;0.0
RIBT;0;0.0;0.0
RIBTW;0;0.0;0.0
RIGL;0;0.0;0.0
RTTR;0;0.0;0.0
RLJE;0;0.0;0.0
RMGN;0;0.0;0.0
FUEL;0;0.0;0.0
RMTI;0;0.0;0.0
RCKY;0;0.0;0.0
ROKA;0;0.0;0.0
ROSG;0;0.0;0.0
ROST;0;0.0;0.0
RBPAA;0;0.0;0.0
RTIX;0;0.0;0.0
RBCN;0;0.0;0.0
RUTH;0;0.0;0.0
RXII;0;0.0;0.0
RYAAY;0;0.0;0.0
SCACU;0;0.0;0.0
SBRA;0;0.0;0.0
SBRAP;0;0.0;0.0
SABR;0;0.0;0.0
SAEX;0;0.0;0.0
SAGE;0;0.0;0.0
SAIA;0;0.0;0.0
SAJA;0;0.0;0.0
SALM;0;0.0;0.0
SAL;0;0.0;0.0
SAFM;0;0.0;0.0
SGMO;0;0.0;0.0
GCVRZ;0;0.0;0.0
SPNS;0;0.0;0.0
SBFG;0;0.0;0.0
SBFGP;0;0.0;0.0
SBAC;0;0.0;0.0
SMIT;0;0.0;0.0
SCHN;0;0.0;0.0
SCHL;0;0.0;0.0
SGMS;0;0.0;0.0
SBCF;0;0.0;0.0
SHLD;0;0.0;0.0
SHLDW;0;0.0;0.0
SHOS;0;0.0;0.0
SPNE;0;0.0;0.0
EYES;0;0.0;0.0
SCWX;0;0.0;0.0
SNFCA;0;0.0;0.0
SLCT;0;0.0;0.0
SCSS;0;0.0;0.0
SELB;0;0.0;0.0
SIGI;0;0.0;0.0
LEDS;0;0.0;0.0
SENEA;0;0.0;0.0
SNH;0;0.0;0.0
SNHNI;0;0.0;0.0
SNHNL;0;0.0;0.0
SRTS;0;0.0;0.0
SRTSW;0;0.0;0.0
SQBG;0;0.0;0.0
MCRB;0;0.0;0.0
SFBS;0;0.0;0.0
SEV;0;0.0;0.0
SVBI;0;0.0;0.0
SGOC;0;0.0;0.0
SHEN;0;0.0;0.0
SHLO;0;0.0;0.0
SCCI;0;0.0;0.0
TYHT;0;0.0;0.0
SHPG;0;0.0;0.0
SCVL;0;0.0;0.0
SHOR;0;0.0;0.0
SFLY;0;0.0;0.0
SIFI;0;0.0;0.0
SIEN;0;0.0;0.0
SIGM;0;0.0;0.0
SGNL;0;0.0;0.0
SLGN;0;0.0;0.0
SILC;0;0.0;0.0
SIMO;0;0.0;0.0
SPIL;0;0.0;0.0
SRAQ;0;0.0;0.0
SRAQU;0;0.0;0.0
SRAQW;0;0.0;0.0
SSRI;0;0.0;0.0
SAMG;0;0.0;0.0
SINA;0;0.0;0.0
SBGI;0;0.0;0.0
SINO;0;0.0;0.0
SVA;0;0.0;0.0
SIRI;0;0.0;0.0
SRVA;0;0.0;0.0
SZMK;0;0.0;0.0
SKLN;0;0.0;0.0
MOBI;0;0.0;0.0
SPU;0;0.0;0.0
ISM;0;0.0;0.0
JSM;0;0.0;0.0
SLM;0;0.0;0.0
SLMAP;0;0.0;0.0
SLMBP;0;0.0;0.0
SWHC;0;0.0;0.0
LNCE;0;0.0;0.0
SCKT;0;0.0;0.0
SODA;0;0.0;0.0
SOHU;0;0.0;0.0
SLRC;0;0.0;0.0
SUNS;0;0.0;0.0
SCTY;0;0.0;0.0
SEDG;0;0.0;0.0
SONC;0;0.0;0.0
SOFO;0;0.0;0.0
SONS;0;0.0;0.0
SPHS;0;0.0;0.0
SRNE;0;0.0;0.0
SOHO;0;0.0;0.0
SOHOB;0;0.0;0.0
SOHOM;0;0.0;0.0
SFBC;0;0.0;0.0
SFST;0;0.0;0.0
SONA;0;0.0;0.0
SP;0;0.0;0.0
SPAN;0;0.0;0.0
SBSA;0;0.0;0.0
SPKE;0;0.0;0.0
ONCE;0;0.0;0.0
SPAR;0;0.0;0.0
SPTN;0;0.0;0.0
DWFI;0;0.0;0.0
ANY;0;0.0;0.0
SPEX;0;0.0;0.0
SPI;0;0.0;0.0
SAVE;0;0.0;0.0
SPOK;0;0.0;0.0
SPWH;0;0.0;0.0
SBPH;0;0.0;0.0
SPSC;0;0.0;0.0
STAF;0;0.0;0.0
STMP;0;0.0;0.0
SPLS;0;0.0;0.0
SBLK;0;0.0;0.0
SBUX;0;0.0;0.0
STRZA;0;0.0;0.0
STRZB;0;0.0;0.0
STFC;0;0.0;0.0
SNC;0;0.0;0.0
STDY;0;0.0;0.0
STLD;0;0.0;0.0
STLRU;0;0.0;0.0
SBOT;0;0.0;0.0
STML;0;0.0;0.0
SRCLP;0;0.0;0.0
SHOO;0;0.0;0.0
SSFN;0;0.0;0.0
BANX;0;0.0;0.0
SGBK;0;0.0;0.0
SSKN;0;0.0;0.0
SSYS;0;0.0;0.0
STRS;0;0.0;0.0
STRA;0;0.0;0.0
STRM;0;0.0;0.0
SBBP;0;0.0;0.0
SCMP;0;0.0;0.0
SUMR;0;0.0;0.0
SMMF;0;0.0;0.0
SSBI;0;0.0;0.0
SMMT;0;0.0;0.0
SNBC;0;0.0;0.0
SNHY;0;0.0;0.0
SNDE;0;0.0;0.0
SEMI;0;0.0;0.0
STKL;0;0.0;0.0
SPWR;0;0.0;0.0
RUN;0;0.0;0.0
SBCP;0;0.0;0.0
SSH;0;0.0;0.0
SUNW;0;0.0;0.0
SMCI;0;0.0;0.0
SCON;0;0.0;0.0
SUPN;0;0.0;0.0
SPRT;0;0.0;0.0
SGRY;0;0.0;0.0
SCAI;0;0.0;0.0
SRDX;0;0.0;0.0
SBBX;0;0.0;0.0
SIVBO;0;0.0;0.0
SYKE;0;0.0;0.0
SYNC;0;0.0;0.0
SYNA;0;0.0;0.0
SNDX;0;0.0;0.0
SGYP;0;0.0;0.0
SGYPW;0;0.0;0.0
SYMX;0;0.0;0.0
SYUT;0;0.0;0.0
SYPR;0;0.0;0.0
SYRS;0;0.0;0.0
SYRX;0;0.0;0.0
TTOO;0;0.0;0.0
TCMD;0;0.0;0.0
TAIT;0;0.0;0.0
TTWO;0;0.0;0.0
TLND;0;0.0;0.0
TNDM;0;0.0;0.0
TLF;0;0.0;0.0
TNGO;0;0.0;0.0
TANH;0;0.0;0.0
TEDU;0;0.0;0.0
TASR;0;0.0;0.0
TATT;0;0.0;0.0
TCPC;0;0.0;0.0
TTGT;0;0.0;0.0
TGEN;0;0.0;0.0
TLGT;0;0.0;0.0
GLBL;0;0.0;0.0
TRTLW;0;0.0;0.0
TBNK;0;0.0;0.0
TSRO;0;0.0;0.0
TESO;0;0.0;0.0
TSLA;0;0.0;0.0
TESS;0;0.0;0.0
TSRA;0;0.0;0.0
TTEK;0;0.0;0.0
TLOG;0;0.0;0.0
TTPH;0;0.0;0.0
TCBIL;0;0.0;0.0
TCBIP;0;0.0;0.0
TXRH;0;0.0;0.0
TFSL;0;0.0;0.0
ABCO;0;0.0;0.0
ANDE;0;0.0;0.0
TBBK;0;0.0;0.0
CG;0;0.0;0.0
CAKE;0;0.0;0.0
CHEF;0;0.0;0.0
DSGX;0;0.0;0.0
DXYN;0;0.0;0.0
ENSG;0;0.0;0.0
XONE;0;0.0;0.0
FINL;0;0.0;0.0
FBMS;0;0.0;0.0
HCKT;0;0.0;0.0
HAIN;0;0.0;0.0
FITS;0;0.0;0.0
CUBA;0;0.0;0.0
INTG;0;0.0;0.0
JYNT;0;0.0;0.0
KHC;0;0.0;0.0
OLD;0;0.0;0.0
MDCO;0;0.0;0.0
MIK;0;0.0;0.0
MIDD;0;0.0;0.0
NAVG;0;0.0;0.0
SLIM;0;0.0;0.0
STKS;0;0.0;0.0
ORG;0;0.0;0.0
BITE;0;0.0;0.0
RMR;0;0.0;0.0
SPNC;0;0.0;0.0
TTD;0;0.0;0.0
ULTI;0;0.0;0.0
YORW;0;0.0;0.0
TBPH;0;0.0;0.0
TST;0;0.0;0.0
TCRD;0;0.0;0.0
THLD;0;0.0;0.0
TICC;0;0.0;0.0
TTS;0;0.0;0.0
TIL;0;0.0;0.0
TSBK;0;0.0;0.0
TIPT;0;0.0;0.0
TITN;0;0.0;0.0
TIVO;0;0.0;0.0
TKAI;0;0.0;0.0
TNXP;0;0.0;0.0
TISA;0;0.0;0.0
TOPS;0;0.0;0.0
"TORM          ";0;0.0;0.0
TRCH;0;0.0;0.0
TSEM;0;0.0;0.0
TWER;0;0.0;0.0
CLUB;0;0.0;0.0
TPIC;0;0.0;0.0
TCON;0;0.0;0.0
TWMC;0;0.0;0.0
TACT;0;0.0;0.0
TBIO;0;0.0;0.0
TGA;0;0.0;0.0
TANNI;0;0.0;0.0
TANNZ;0;0.0;0.0
TZOO;0;0.0;0.0
TRIB;0;0.0;0.0
TRIP;0;0.0;0.0
TBK;0;0.0;0.0
TRNC;0;0.0;0.0
TROV;0;0.0;0.0
TRUE;0;0.0;0.0
THST;0;0.0;0.0
TRUP;0;0.0;0.0
HEAR;0;0.0;0.0
TUTI;0;0.0;0.0
TUTT;0;0.0;0.0
TWIN;0;0.0;0.0
TRCB;0;0.0;0.0
USCR;0;0.0;0.0
USEG;0;0.0;0.0
UREE;0;0.0;0.0
UBNT;0;0.0;0.0
UFPT;0;0.0;0.0
ULTA;0;0.0;0.0
UCTT;0;0.0;0.0
ULBI;0;0.0;0.0
UTEK;0;0.0;0.0
UNAM;0;0.0;0.0
UNIS;0;0.0;0.0
UNXL;0;0.0;0.0
QURE;0;0.0;0.0
UBCP;0;0.0;0.0
UIHC;0;0.0;0.0
UNFI;0;0.0;0.0
USBI;0;0.0;0.0
USLM;0;0.0;0.0
UG;0;0.0;0.0
UNTY;0;0.0;0.0
UEIC;0;0.0;0.0
UFPI;0;0.0;0.0
ULH;0;0.0;0.0
USAP;0;0.0;0.0
UPLD;0;0.0;0.0
URRE;0;0.0;0.0
URBN;0;0.0;0.0
ECOL;0;0.0;0.0
USAT;0;0.0;0.0
USATP;0;0.0;0.0
USAK;0;0.0;0.0
USMD;0;0.0;0.0
UTMD;0;0.0;0.0
VNDA;0;0.0;0.0
GNRX;0;0.0;0.0
VWOB;0;0.0;0.0
VIGI;0;0.0;0.0
VYMI;0;0.0;0.0
VMBS;0;0.0;0.0
VNR;0;0.0;0.0
VNRAP;0;0.0;0.0
VTIP;0;0.0;0.0
BNDX;0;0.0;0.0
VRNS;0;0.0;0.0
VDSI;0;0.0;0.0
VBLT;0;0.0;0.0
VBIV;0;0.0;0.0
DGLD;0;0.0;0.0
DSLV;0;0.0;0.0
UGLD;0;0.0;0.0
USLV;0;0.0;0.0
VRA;0;0.0;0.0
VCYT;0;0.0;0.0
VSTM;0;0.0;0.0
VCEL;0;0.0;0.0
VBTX;0;0.0;0.0
VRML;0;0.0;0.0
VSAR;0;0.0;0.0
VRTB;0;0.0;0.0
VMET;0;0.0;0.0
VSAT;0;0.0;0.0
CEZ;0;0.0;0.0
CID;0;0.0;0.0
CIL;0;0.0;0.0
CDL;0;0.0;0.0
CSB;0;0.0;0.0
CSA;0;0.0;0.0
VBND;0;0.0;0.0
VDTH;0;0.0;0.0
VRAY;0;0.0;0.0
VKTX;0;0.0;0.0
VKTXW;0;0.0;0.0
VBFC;0;0.0;0.0
VLGEA;0;0.0;0.0
VIP;0;0.0;0.0
VIRC;0;0.0;0.0
VA;0;0.0;0.0
VIRT;0;0.0;0.0
VRTS;0;0.0;0.0
VISN;0;0.0;0.0
VTAE;0;0.0;0.0
VIVE;0;0.0;0.0
VVUS;0;0.0;0.0
VLTC;0;0.0;0.0
VOXX;0;0.0;0.0
VYGR;0;0.0;0.0
VSEC;0;0.0;0.0
VTVT;0;0.0;0.0
VUZI;0;0.0;0.0
WGBS;0;0.0;0.0
WBA;0;0.0;0.0
WSBF;0;0.0;0.0
WVE;0;0.0;0.0
WNFM;0;0.0;0.0
WAYN;0;0.0;0.0
WSTG;0;0.0;0.0
FLAG;0;0.0;0.0
WEB;0;0.0;0.0
WBMD;0;0.0;0.0
WB;0;0.0;0.0
WEBK;0;0.0;0.0
WERN;0;0.0;0.0
WSTC;0;0.0;0.0
WMAR;0;0.0;0.0
WBB;0;0.0;0.0
WSTL;0;0.0;0.0
WFD;0;0.0;0.0
WLB;0;0.0;0.0
WPRT;0;0.0;0.0
WEYS;0;0.0;0.0
WHLR;0;0.0;0.0
WHLRD;0;0.0;0.0
WHLRP;0;0.0;0.0
WHLRW;0;0.0;0.0
WHF;0;0.0;0.0
WHFBL;0;0.0;0.0
WFM;0;0.0;0.0
WILN;0;0.0;0.0
WHLM;0;0.0;0.0
WVVIP;0;0.0;0.0
WLDN;0;0.0;0.0
WLFC;0;0.0;0.0
WLTW;0;0.0;0.0
WIN;0;0.0;0.0
WING;0;0.0;0.0
WTFCM;0;0.0;0.0
WTFCW;0;0.0;0.0
AGND;0;0.0;0.0
AGZD;0;0.0;0.0
HYND;0;0.0;0.0
HYZD;0;0.0;0.0
CXSE;0;0.0;0.0
EMCB;0;0.0;0.0
DXKW;0;0.0;0.0
GULF;0;0.0;0.0
CRDT;0;0.0;0.0
UBND;0;0.0;0.0
WBKC;0;0.0;0.0
WKHS;0;0.0;0.0
JMU;0;0.0;0.0
WPPGY;0;0.0;0.0
WMGI;0;0.0;0.0
WMGIZ;0;0.0;0.0
WSFSL;0;0.0;0.0
WSCI;0;0.0;0.0
WVFC;0;0.0;0.0
XBIT;0;0.0;0.0
XELB;0;0.0;0.0
XCRA;0;0.0;0.0
XBKS;0;0.0;0.0
XENE;0;0.0;0.0
XGTI;0;0.0;0.0
XOMA;0;0.0;0.0
XPLR;0;0.0;0.0
XCOM;0;0.0;0.0
XNET;0;0.0;0.0
YNDX;0;0.0;0.0
YIN;0;0.0;0.0
YOD;0;0.0;0.0
YRCW;0;0.0;0.0
YECO;0;0.0;0.0
YY;0;0.0;0.0
ZFGN;0;0.0;0.0
ZAGG;0;0.0;0.0
ZAIS;0;0.0;0.0
ZBRA;0;0.0;0.0
ZLTQ;0;0.0;0.0
Z;0;0.0;0.0
ZNWAA;0;0.0;0.0
ZIONZ;0;0.0;0.0
ZIXI;0;0.0;0.0
ZSAN;0;0.0;0.0
ZUMZ;0;0.0;0.0
ZYNE;0;0.0;0.0
ZNGA;0;0.0;0.0
